Generating types for 'specification/databricks/resource-manager/Microsoft.Databricks/Databricks/readme.md'
AutoRest code generation utility [cli version: 3.8.0; node: v24.21.0]
(C) 2018 Microsoft Corporation.
https://aka.ms/autorest
⚠️ AutoRest is deprecated and will be retired on July 1, 2026. Please migrate to TypeSpec: https://typespec.io — details: https://github.com/Azure/autorest/issues/5175
warning | DeprecatedConfig | Using directive.0.suppress which is deprecated and will be removed in the future.
warning | DeprecatedConfig | Using directive.1.suppress which is deprecated and will be removed in the future.
warning | DeprecatedConfig | Using directive.2.suppress which is deprecated and will be removed in the future.
warning | DeprecatedConfig | Using directive.0.suppress which is deprecated and will be removed in the future.
warning | DeprecatedConfig | Using directive.1.suppress which is deprecated and will be removed in the future.
warning | DeprecatedConfig | Using directive.2.suppress which is deprecated and will be removed in the future.
warning | SkippedSemanticValidation | Semantic validation was skipped.
warning | PreCheck/SchemaMissingType | The schema 'Workspace' with an undefined type and declared properties is a bit ambiguous. This has been auto-corrected to 'type:object'
    - file:///home/runner/work/bicep-types-az/bicep-types-az/workflow-temp/azure-rest-api-specs/specification/databricks/resource-manager/Microsoft.Databricks/Databricks/stable/2018-04-01/databricks.json:366:5
warning | PreCheck/SchemaMissingType | The schema 'WorkspaceProperties' with an undefined type and declared properties is a bit ambiguous. This has been auto-corrected to 'type:object'
    - file:///home/runner/work/bicep-types-az/bicep-types-az/workflow-temp/azure-rest-api-specs/specification/databricks/resource-manager/Microsoft.Databricks/Databricks/stable/2018-04-01/databricks.json:388:5
warning | PreCheck/SchemaMissingType | The schema 'TrackedResource' with an undefined type and declared properties is a bit ambiguous. This has been auto-corrected to 'type:object'
    - file:///home/runner/work/bicep-types-az/bicep-types-az/workflow-temp/azure-rest-api-specs/specification/databricks/resource-manager/Microsoft.Databricks/Databricks/stable/2018-04-01/databricks.json:450:5
warning | PreCheck/SchemaMissingType | The schema 'Resource' with an undefined type and declared properties is a bit ambiguous. This has been auto-corrected to 'type:object'
    - file:///home/runner/work/bicep-types-az/bicep-types-az/workflow-temp/azure-rest-api-specs/specification/databricks/resource-manager/Microsoft.Databricks/Databricks/stable/2018-04-01/databricks.json:483:5
warning | PreCheck/SchemaMissingType | The schema 'Sku' with an undefined type and declared properties is a bit ambiguous. This has been auto-corrected to 'type:object'
    - file:///home/runner/work/bicep-types-az/bicep-types-az/workflow-temp/azure-rest-api-specs/specification/databricks/resource-manager/Microsoft.Databricks/Databricks/stable/2018-04-01/databricks.json:504:5
warning | PreCheck/SchemaMissingType | The schema 'ManagedIdentityConfiguration' with an undefined type and declared properties is a bit ambiguous. This has been auto-corrected to 'type:object'
    - file:///home/runner/work/bicep-types-az/bicep-types-az/workflow-temp/azure-rest-api-specs/specification/databricks/resource-manager/Microsoft.Databricks/Databricks/stable/2018-04-01/databricks.json:542:5
warning | PreCheck/SchemaMissingType | The schema 'WorkspaceCustomBooleanParameter' with an undefined type and declared properties is a bit ambiguous. This has been auto-corrected to 'type:object'
    - file:///home/runner/work/bicep-types-az/bicep-types-az/workflow-temp/azure-rest-api-specs/specification/databricks/resource-manager/Microsoft.Databricks/Databricks/stable/2018-04-01/databricks.json:578:5
warning | PreCheck/SchemaMissingType | The schema 'WorkspaceCustomObjectParameter' with an undefined type and declared properties is a bit ambiguous. This has been auto-corrected to 'type:object'
    - file:///home/runner/work/bicep-types-az/bicep-types-az/workflow-temp/azure-rest-api-specs/specification/databricks/resource-manager/Microsoft.Databricks/Databricks/stable/2018-04-01/databricks.json:594:5
warning | PreCheck/SchemaMissingType | The schema 'WorkspaceCustomStringParameter' with an undefined type and declared properties is a bit ambiguous. This has been auto-corrected to 'type:object'
    - file:///home/runner/work/bicep-types-az/bicep-types-az/workflow-temp/azure-rest-api-specs/specification/databricks/resource-manager/Microsoft.Databricks/Databricks/stable/2018-04-01/databricks.json:610:5
warning | PreCheck/SchemaMissingType | The schema 'WorkspaceCustomParameters' with an undefined type and declared properties is a bit ambiguous. This has been auto-corrected to 'type:object'
    - file:///home/runner/work/bicep-types-az/bicep-types-az/workflow-temp/azure-rest-api-specs/specification/databricks/resource-manager/Microsoft.Databricks/Databricks/stable/2018-04-01/databricks.json:626:5
warning | PreCheck/SchemaMissingType | The schema 'CreatedBy' with an undefined type and declared properties is a bit ambiguous. This has been auto-corrected to 'type:object'
    - file:///home/runner/work/bicep-types-az/bicep-types-az/workflow-temp/azure-rest-api-specs/specification/databricks/resource-manager/Microsoft.Databricks/Databricks/stable/2018-04-01/databricks.json:702:5
warning | PreCheck/SchemaMissingType | The schema 'WorkspaceEncryptionParameter' with an undefined type and declared properties is a bit ambiguous. This has been auto-corrected to 'type:object'
    - file:///home/runner/work/bicep-types-az/bicep-types-az/workflow-temp/azure-rest-api-specs/specification/databricks/resource-manager/Microsoft.Databricks/Databricks/stable/2018-04-01/databricks.json:724:5
warning | PreCheck/SchemaMissingType | The schema 'Encryption' with an undefined type and declared properties is a bit ambiguous. This has been auto-corrected to 'type:object'
    - file:///home/runner/work/bicep-types-az/bicep-types-az/workflow-temp/azure-rest-api-specs/specification/databricks/resource-manager/Microsoft.Databricks/Databricks/stable/2018-04-01/databricks.json:737:5
warning | PreCheck/SchemaMissingType | The schema 'WorkspaceProviderAuthorization' with an undefined type and declared properties is a bit ambiguous. This has been auto-corrected to 'type:object'
    - file:///home/runner/work/bicep-types-az/bicep-types-az/workflow-temp/azure-rest-api-specs/specification/databricks/resource-manager/Microsoft.Databricks/Databricks/stable/2018-04-01/databricks.json:769:5
warning | PreCheck/SchemaMissingType | The schema 'WorkspaceListResult' with an undefined type and declared properties is a bit ambiguous. This has been auto-corrected to 'type:object'
    - file:///home/runner/work/bicep-types-az/bicep-types-az/workflow-temp/azure-rest-api-specs/specification/databricks/resource-manager/Microsoft.Databricks/Databricks/stable/2018-04-01/databricks.json:870:5
warning | PreCheck/SchemaMissingType | The schema 'Operation-display' with an undefined type and declared properties is a bit ambiguous. This has been auto-corrected to 'type:object'
    - file:///home/runner/work/bicep-types-az/bicep-types-az/workflow-temp/azure-rest-api-specs/specification/databricks/resource-manager/Microsoft.Databricks/Databricks/stable/2018-04-01/databricks.json:894:9
warning | PreCheck/SchemaMissingType | The schema 'OperationListResult' with an undefined type and declared properties is a bit ambiguous. This has been auto-corrected to 'type:object'
    - file:///home/runner/work/bicep-types-az/bicep-types-az/workflow-temp/azure-rest-api-specs/specification/databricks/resource-manager/Microsoft.Databricks/Databricks/stable/2018-04-01/databricks.json:913:5
warning | PreCheck/SchemaMissingType | The schema 'VirtualNetworkPeeringList' with an undefined type and declared properties is a bit ambiguous. This has been auto-corrected to 'type:object'
    - file:///home/runner/work/bicep-types-az/bicep-types-az/workflow-temp/azure-rest-api-specs/specification/databricks/resource-manager/Microsoft.Databricks/Databricks/stable/2018-04-01/vnetpeering.json:307:5
warning | PreCheck/SchemaMissingType | The schema 'VirtualNetworkPeering' with an undefined type and declared properties is a bit ambiguous. This has been auto-corrected to 'type:object'
    - file:///home/runner/work/bicep-types-az/bicep-types-az/workflow-temp/azure-rest-api-specs/specification/databricks/resource-manager/Microsoft.Databricks/Databricks/stable/2018-04-01/vnetpeering.json:323:5
warning | PreCheck/SchemaMissingType | The schema 'VirtualNetworkPeeringPropertiesFormat' with an undefined type and declared properties is a bit ambiguous. This has been auto-corrected to 'type:object'
    - file:///home/runner/work/bicep-types-az/bicep-types-az/workflow-temp/azure-rest-api-specs/specification/databricks/resource-manager/Microsoft.Databricks/Databricks/stable/2018-04-01/vnetpeering.json:352:5
warning | PreCheck/SchemaMissingType | The schema 'VirtualNetworkPeeringPropertiesFormat-databricksVirtualNetwork' with an undefined type and declared properties is a bit ambiguous. This has been auto-corrected to 'type:object'
    - file:///home/runner/work/bicep-types-az/bicep-types-az/workflow-temp/azure-rest-api-specs/specification/databricks/resource-manager/Microsoft.Databricks/Databricks/stable/2018-04-01/vnetpeering.json:370:9
warning | PreCheck/SchemaMissingType | The schema 'VirtualNetworkPeeringPropertiesFormat-remoteVirtualNetwork' with an undefined type and declared properties is a bit ambiguous. This has been auto-corrected to 'type:object'
    - file:///home/runner/work/bicep-types-az/bicep-types-az/workflow-temp/azure-rest-api-specs/specification/databricks/resource-manager/Microsoft.Databricks/Databricks/stable/2018-04-01/vnetpeering.json:383:9
warning | PreCheck/SchemaMissingType | The schema 'AddressSpace' with an undefined type and declared properties is a bit ambiguous. This has been auto-corrected to 'type:object'
    - file:///home/runner/work/bicep-types-az/bicep-types-az/workflow-temp/azure-rest-api-specs/specification/databricks/resource-manager/Microsoft.Databricks/Databricks/stable/2018-04-01/vnetpeering.json:436:5
warning | PreCheck/CheckDuplicateSchemas | Checking for duplicate schemas, this could take a (long) while.  Run with --verbose for more detail.
warning | Unrecognized property type: any-object. Returning 'any'.
warning | DeprecatedConfig | Using directive.0.suppress which is deprecated and will be removed in the future.
warning | DeprecatedConfig | Using directive.1.suppress which is deprecated and will be removed in the future.
warning | DeprecatedConfig | Using directive.2.suppress which is deprecated and will be removed in the future.
warning | SkippedSemanticValidation | Semantic validation was skipped.
warning | PreCheck/SchemaMissingType | The schema 'Workspace' with an undefined type and declared properties is a bit ambiguous. This has been auto-corrected to 'type:object'
    - file:///home/runner/work/bicep-types-az/bicep-types-az/workflow-temp/azure-rest-api-specs/specification/databricks/resource-manager/Microsoft.Databricks/Databricks/preview/2021-04-01-preview/databricks.json:658:5
warning | PreCheck/SchemaMissingType | The schema 'WorkspaceProperties' with an undefined type and declared properties is a bit ambiguous. This has been auto-corrected to 'type:object'
    - file:///home/runner/work/bicep-types-az/bicep-types-az/workflow-temp/azure-rest-api-specs/specification/databricks/resource-manager/Microsoft.Databricks/Databricks/preview/2021-04-01-preview/databricks.json:686:5
warning | PreCheck/SchemaMissingType | The schema 'TrackedResource' with an undefined type and declared properties is a bit ambiguous. This has been auto-corrected to 'type:object'
    - file:///home/runner/work/bicep-types-az/bicep-types-az/workflow-temp/azure-rest-api-specs/specification/databricks/resource-manager/Microsoft.Databricks/Databricks/preview/2021-04-01-preview/databricks.json:790:5
warning | PreCheck/SchemaMissingType | The schema 'Resource' with an undefined type and declared properties is a bit ambiguous. This has been auto-corrected to 'type:object'
    - file:///home/runner/work/bicep-types-az/bicep-types-az/workflow-temp/azure-rest-api-specs/specification/databricks/resource-manager/Microsoft.Databricks/Databricks/preview/2021-04-01-preview/databricks.json:823:5
warning | PreCheck/SchemaMissingType | The schema 'Sku' with an undefined type and declared properties is a bit ambiguous. This has been auto-corrected to 'type:object'
    - file:///home/runner/work/bicep-types-az/bicep-types-az/workflow-temp/azure-rest-api-specs/specification/databricks/resource-manager/Microsoft.Databricks/Databricks/preview/2021-04-01-preview/databricks.json:844:5
warning | PreCheck/SchemaMissingType | The schema 'ManagedIdentityConfiguration' with an undefined type and declared properties is a bit ambiguous. This has been auto-corrected to 'type:object'
    - file:///home/runner/work/bicep-types-az/bicep-types-az/workflow-temp/azure-rest-api-specs/specification/databricks/resource-manager/Microsoft.Databricks/Databricks/preview/2021-04-01-preview/databricks.json:897:5
warning | PreCheck/SchemaMissingType | The schema 'WorkspaceCustomBooleanParameter' with an undefined type and declared properties is a bit ambiguous. This has been auto-corrected to 'type:object'
    - file:///home/runner/work/bicep-types-az/bicep-types-az/workflow-temp/azure-rest-api-specs/specification/databricks/resource-manager/Microsoft.Databricks/Databricks/preview/2021-04-01-preview/databricks.json:933:5
warning | PreCheck/SchemaMissingType | The schema 'WorkspaceCustomObjectParameter' with an undefined type and declared properties is a bit ambiguous. This has been auto-corrected to 'type:object'
    - file:///home/runner/work/bicep-types-az/bicep-types-az/workflow-temp/azure-rest-api-specs/specification/databricks/resource-manager/Microsoft.Databricks/Databricks/preview/2021-04-01-preview/databricks.json:949:5
warning | PreCheck/SchemaMissingType | The schema 'WorkspaceCustomStringParameter' with an undefined type and declared properties is a bit ambiguous. This has been auto-corrected to 'type:object'
    - file:///home/runner/work/bicep-types-az/bicep-types-az/workflow-temp/azure-rest-api-specs/specification/databricks/resource-manager/Microsoft.Databricks/Databricks/preview/2021-04-01-preview/databricks.json:965:5
warning | PreCheck/SchemaMissingType | The schema 'WorkspaceCustomParameters' with an undefined type and declared properties is a bit ambiguous. This has been auto-corrected to 'type:object'
    - file:///home/runner/work/bicep-types-az/bicep-types-az/workflow-temp/azure-rest-api-specs/specification/databricks/resource-manager/Microsoft.Databricks/Databricks/preview/2021-04-01-preview/databricks.json:981:5
warning | PreCheck/SchemaMissingType | The schema 'CreatedBy' with an undefined type and declared properties is a bit ambiguous. This has been auto-corrected to 'type:object'
    - file:///home/runner/work/bicep-types-az/bicep-types-az/workflow-temp/azure-rest-api-specs/specification/databricks/resource-manager/Microsoft.Databricks/Databricks/preview/2021-04-01-preview/databricks.json:1057:5
warning | PreCheck/SchemaMissingType | The schema 'WorkspaceEncryptionParameter' with an undefined type and declared properties is a bit ambiguous. This has been auto-corrected to 'type:object'
    - file:///home/runner/work/bicep-types-az/bicep-types-az/workflow-temp/azure-rest-api-specs/specification/databricks/resource-manager/Microsoft.Databricks/Databricks/preview/2021-04-01-preview/databricks.json:1079:5
warning | PreCheck/SchemaMissingType | The schema 'Encryption' with an undefined type and declared properties is a bit ambiguous. This has been auto-corrected to 'type:object'
    - file:///home/runner/work/bicep-types-az/bicep-types-az/workflow-temp/azure-rest-api-specs/specification/databricks/resource-manager/Microsoft.Databricks/Databricks/preview/2021-04-01-preview/databricks.json:1092:5
warning | PreCheck/SchemaMissingType | The schema 'EncryptionEntitiesDefinition' with an undefined type and declared properties is a bit ambiguous. This has been auto-corrected to 'type:object'
    - file:///home/runner/work/bicep-types-az/bicep-types-az/workflow-temp/azure-rest-api-specs/specification/databricks/resource-manager/Microsoft.Databricks/Databricks/preview/2021-04-01-preview/databricks.json:1124:5
warning | PreCheck/SchemaMissingType | The schema 'EncryptionV2' with an undefined type and declared properties is a bit ambiguous. This has been auto-corrected to 'type:object'
    - file:///home/runner/work/bicep-types-az/bicep-types-az/workflow-temp/azure-rest-api-specs/specification/databricks/resource-manager/Microsoft.Databricks/Databricks/preview/2021-04-01-preview/databricks.json:1134:5
warning | PreCheck/SchemaMissingType | The schema 'EncryptionV2-keyVaultProperties' with an undefined type and declared properties is a bit ambiguous. This has been auto-corrected to 'type:object'
    - file:///home/runner/work/bicep-types-az/bicep-types-az/workflow-temp/azure-rest-api-specs/specification/databricks/resource-manager/Microsoft.Databricks/Databricks/preview/2021-04-01-preview/databricks.json:1147:9
warning | PreCheck/SchemaMissingType | The schema 'WorkspaceProviderAuthorization' with an undefined type and declared properties is a bit ambiguous. This has been auto-corrected to 'type:object'
    - file:///home/runner/work/bicep-types-az/bicep-types-az/workflow-temp/azure-rest-api-specs/specification/databricks/resource-manager/Microsoft.Databricks/Databricks/preview/2021-04-01-preview/databricks.json:1175:5
warning | PreCheck/SchemaMissingType | The schema 'WorkspaceListResult' with an undefined type and declared properties is a bit ambiguous. This has been auto-corrected to 'type:object'
    - file:///home/runner/work/bicep-types-az/bicep-types-az/workflow-temp/azure-rest-api-specs/specification/databricks/resource-manager/Microsoft.Databricks/Databricks/preview/2021-04-01-preview/databricks.json:1272:5
warning | PreCheck/SchemaMissingType | The schema 'Operation-display' with an undefined type and declared properties is a bit ambiguous. This has been auto-corrected to 'type:object'
    - file:///home/runner/work/bicep-types-az/bicep-types-az/workflow-temp/azure-rest-api-specs/specification/databricks/resource-manager/Microsoft.Databricks/Databricks/preview/2021-04-01-preview/databricks.json:1296:9
warning | PreCheck/SchemaMissingType | The schema 'OperationListResult' with an undefined type and declared properties is a bit ambiguous. This has been auto-corrected to 'type:object'
    - file:///home/runner/work/bicep-types-az/bicep-types-az/workflow-temp/azure-rest-api-specs/specification/databricks/resource-manager/Microsoft.Databricks/Databricks/preview/2021-04-01-preview/databricks.json:1315:5
warning | PreCheck/SchemaMissingType | The schema 'VirtualNetworkPeeringList' with an undefined type and declared properties is a bit ambiguous. This has been auto-corrected to 'type:object'
    - file:///home/runner/work/bicep-types-az/bicep-types-az/workflow-temp/azure-rest-api-specs/specification/databricks/resource-manager/Microsoft.Databricks/Databricks/preview/2021-04-01-preview/vnetpeering.json:303:5
warning | PreCheck/SchemaMissingType | The schema 'VirtualNetworkPeering' with an undefined type and declared properties is a bit ambiguous. This has been auto-corrected to 'type:object'
    - file:///home/runner/work/bicep-types-az/bicep-types-az/workflow-temp/azure-rest-api-specs/specification/databricks/resource-manager/Microsoft.Databricks/Databricks/preview/2021-04-01-preview/vnetpeering.json:319:5
warning | PreCheck/SchemaMissingType | The schema 'VirtualNetworkPeeringPropertiesFormat' with an undefined type and declared properties is a bit ambiguous. This has been auto-corrected to 'type:object'
    - file:///home/runner/work/bicep-types-az/bicep-types-az/workflow-temp/azure-rest-api-specs/specification/databricks/resource-manager/Microsoft.Databricks/Databricks/preview/2021-04-01-preview/vnetpeering.json:348:5
warning | PreCheck/SchemaMissingType | The schema 'VirtualNetworkPeeringPropertiesFormat-databricksVirtualNetwork' with an undefined type and declared properties is a bit ambiguous. This has been auto-corrected to 'type:object'
    - file:///home/runner/work/bicep-types-az/bicep-types-az/workflow-temp/azure-rest-api-specs/specification/databricks/resource-manager/Microsoft.Databricks/Databricks/preview/2021-04-01-preview/vnetpeering.json:366:9
warning | PreCheck/SchemaMissingType | The schema 'VirtualNetworkPeeringPropertiesFormat-remoteVirtualNetwork' with an undefined type and declared properties is a bit ambiguous. This has been auto-corrected to 'type:object'
    - file:///home/runner/work/bicep-types-az/bicep-types-az/workflow-temp/azure-rest-api-specs/specification/databricks/resource-manager/Microsoft.Databricks/Databricks/preview/2021-04-01-preview/vnetpeering.json:379:9
warning | PreCheck/SchemaMissingType | The schema 'AddressSpace' with an undefined type and declared properties is a bit ambiguous. This has been auto-corrected to 'type:object'
    - file:///home/runner/work/bicep-types-az/bicep-types-az/workflow-temp/azure-rest-api-specs/specification/databricks/resource-manager/Microsoft.Databricks/Databricks/preview/2021-04-01-preview/vnetpeering.json:432:5
warning | PreCheck/CheckDuplicateSchemas | Checking for duplicate schemas, this could take a (long) while.  Run with --verbose for more detail.
warning | PreCheck/PropertyRedeclarationWarning | Schema 'GroupIdInformation' has a property 'id' that is already declared the parent schema 'Resource' but isn't significantly different. The property has been removed from GroupIdInformation
warning | PreCheck/PropertyRedeclarationWarning | Schema 'GroupIdInformation' has a property 'name' that is already declared the parent schema 'Resource' but isn't significantly different. The property has been removed from GroupIdInformation
warning | PreCheck/PropertyRedeclarationWarning | Schema 'GroupIdInformation' has a property 'type' that is already declared the parent schema 'Resource' but isn't significantly different. The property has been removed from GroupIdInformation
warning | Unrecognized property type: any-object. Returning 'any'.
warning | DeprecatedConfig | Using directive.0.suppress which is deprecated and will be removed in the future.
warning | DeprecatedConfig | Using directive.1.suppress which is deprecated and will be removed in the future.
warning | DeprecatedConfig | Using directive.2.suppress which is deprecated and will be removed in the future.
warning | SkippedSemanticValidation | Semantic validation was skipped.
warning | PreCheck/SchemaMissingType | The schema 'Workspace' with an undefined type and declared properties is a bit ambiguous. This has been auto-corrected to 'type:object'
    - file:///home/runner/work/bicep-types-az/bicep-types-az/workflow-temp/azure-rest-api-specs/specification/databricks/resource-manager/Microsoft.Databricks/Databricks/preview/2022-04-01-preview/databricks.json:669:5
warning | PreCheck/SchemaMissingType | The schema 'WorkspaceProperties' with an undefined type and declared properties is a bit ambiguous. This has been auto-corrected to 'type:object'
    - file:///home/runner/work/bicep-types-az/bicep-types-az/workflow-temp/azure-rest-api-specs/specification/databricks/resource-manager/Microsoft.Databricks/Databricks/preview/2022-04-01-preview/databricks.json:697:5
warning | PreCheck/SchemaMissingType | The schema 'TrackedResource' with an undefined type and declared properties is a bit ambiguous. This has been auto-corrected to 'type:object'
    - file:///home/runner/work/bicep-types-az/bicep-types-az/workflow-temp/azure-rest-api-specs/specification/databricks/resource-manager/Microsoft.Databricks/Databricks/preview/2022-04-01-preview/databricks.json:811:5
warning | PreCheck/SchemaMissingType | The schema 'Resource' with an undefined type and declared properties is a bit ambiguous. This has been auto-corrected to 'type:object'
    - file:///home/runner/work/bicep-types-az/bicep-types-az/workflow-temp/azure-rest-api-specs/specification/databricks/resource-manager/Microsoft.Databricks/Databricks/preview/2022-04-01-preview/databricks.json:844:5
warning | PreCheck/SchemaMissingType | The schema 'Sku' with an undefined type and declared properties is a bit ambiguous. This has been auto-corrected to 'type:object'
    - file:///home/runner/work/bicep-types-az/bicep-types-az/workflow-temp/azure-rest-api-specs/specification/databricks/resource-manager/Microsoft.Databricks/Databricks/preview/2022-04-01-preview/databricks.json:865:5
warning | PreCheck/SchemaMissingType | The schema 'ManagedIdentityConfiguration' with an undefined type and declared properties is a bit ambiguous. This has been auto-corrected to 'type:object'
    - file:///home/runner/work/bicep-types-az/bicep-types-az/workflow-temp/azure-rest-api-specs/specification/databricks/resource-manager/Microsoft.Databricks/Databricks/preview/2022-04-01-preview/databricks.json:918:5
warning | PreCheck/SchemaMissingType | The schema 'WorkspaceCustomBooleanParameter' with an undefined type and declared properties is a bit ambiguous. This has been auto-corrected to 'type:object'
    - file:///home/runner/work/bicep-types-az/bicep-types-az/workflow-temp/azure-rest-api-specs/specification/databricks/resource-manager/Microsoft.Databricks/Databricks/preview/2022-04-01-preview/databricks.json:954:5
warning | PreCheck/SchemaMissingType | The schema 'WorkspaceCustomObjectParameter' with an undefined type and declared properties is a bit ambiguous. This has been auto-corrected to 'type:object'
    - file:///home/runner/work/bicep-types-az/bicep-types-az/workflow-temp/azure-rest-api-specs/specification/databricks/resource-manager/Microsoft.Databricks/Databricks/preview/2022-04-01-preview/databricks.json:970:5
warning | PreCheck/SchemaMissingType | The schema 'WorkspaceCustomStringParameter' with an undefined type and declared properties is a bit ambiguous. This has been auto-corrected to 'type:object'
    - file:///home/runner/work/bicep-types-az/bicep-types-az/workflow-temp/azure-rest-api-specs/specification/databricks/resource-manager/Microsoft.Databricks/Databricks/preview/2022-04-01-preview/databricks.json:986:5
warning | PreCheck/SchemaMissingType | The schema 'WorkspaceCustomParameters' with an undefined type and declared properties is a bit ambiguous. This has been auto-corrected to 'type:object'
    - file:///home/runner/work/bicep-types-az/bicep-types-az/workflow-temp/azure-rest-api-specs/specification/databricks/resource-manager/Microsoft.Databricks/Databricks/preview/2022-04-01-preview/databricks.json:1002:5
warning | PreCheck/SchemaMissingType | The schema 'CreatedBy' with an undefined type and declared properties is a bit ambiguous. This has been auto-corrected to 'type:object'
    - file:///home/runner/work/bicep-types-az/bicep-types-az/workflow-temp/azure-rest-api-specs/specification/databricks/resource-manager/Microsoft.Databricks/Databricks/preview/2022-04-01-preview/databricks.json:1078:5
warning | PreCheck/SchemaMissingType | The schema 'WorkspaceEncryptionParameter' with an undefined type and declared properties is a bit ambiguous. This has been auto-corrected to 'type:object'
    - file:///home/runner/work/bicep-types-az/bicep-types-az/workflow-temp/azure-rest-api-specs/specification/databricks/resource-manager/Microsoft.Databricks/Databricks/preview/2022-04-01-preview/databricks.json:1100:5
warning | PreCheck/SchemaMissingType | The schema 'Encryption' with an undefined type and declared properties is a bit ambiguous. This has been auto-corrected to 'type:object'
    - file:///home/runner/work/bicep-types-az/bicep-types-az/workflow-temp/azure-rest-api-specs/specification/databricks/resource-manager/Microsoft.Databricks/Databricks/preview/2022-04-01-preview/databricks.json:1113:5
warning | PreCheck/SchemaMissingType | The schema 'EncryptionEntitiesDefinition' with an undefined type and declared properties is a bit ambiguous. This has been auto-corrected to 'type:object'
    - file:///home/runner/work/bicep-types-az/bicep-types-az/workflow-temp/azure-rest-api-specs/specification/databricks/resource-manager/Microsoft.Databricks/Databricks/preview/2022-04-01-preview/databricks.json:1145:5
warning | PreCheck/SchemaMissingType | The schema 'EncryptionV2' with an undefined type and declared properties is a bit ambiguous. This has been auto-corrected to 'type:object'
    - file:///home/runner/work/bicep-types-az/bicep-types-az/workflow-temp/azure-rest-api-specs/specification/databricks/resource-manager/Microsoft.Databricks/Databricks/preview/2022-04-01-preview/databricks.json:1160:5
warning | PreCheck/SchemaMissingType | The schema 'EncryptionV2-keyVaultProperties' with an undefined type and declared properties is a bit ambiguous. This has been auto-corrected to 'type:object'
    - file:///home/runner/work/bicep-types-az/bicep-types-az/workflow-temp/azure-rest-api-specs/specification/databricks/resource-manager/Microsoft.Databricks/Databricks/preview/2022-04-01-preview/databricks.json:1173:9
warning | PreCheck/SchemaMissingType | The schema 'WorkspaceProviderAuthorization' with an undefined type and declared properties is a bit ambiguous. This has been auto-corrected to 'type:object'
    - file:///home/runner/work/bicep-types-az/bicep-types-az/workflow-temp/azure-rest-api-specs/specification/databricks/resource-manager/Microsoft.Databricks/Databricks/preview/2022-04-01-preview/databricks.json:1249:5
warning | PreCheck/SchemaMissingType | The schema 'WorkspaceListResult' with an undefined type and declared properties is a bit ambiguous. This has been auto-corrected to 'type:object'
    - file:///home/runner/work/bicep-types-az/bicep-types-az/workflow-temp/azure-rest-api-specs/specification/databricks/resource-manager/Microsoft.Databricks/Databricks/preview/2022-04-01-preview/databricks.json:1346:5
warning | PreCheck/SchemaMissingType | The schema 'Operation-display' with an undefined type and declared properties is a bit ambiguous. This has been auto-corrected to 'type:object'
    - file:///home/runner/work/bicep-types-az/bicep-types-az/workflow-temp/azure-rest-api-specs/specification/databricks/resource-manager/Microsoft.Databricks/Databricks/preview/2022-04-01-preview/databricks.json:1370:9
warning | PreCheck/SchemaMissingType | The schema 'OperationListResult' with an undefined type and declared properties is a bit ambiguous. This has been auto-corrected to 'type:object'
    - file:///home/runner/work/bicep-types-az/bicep-types-az/workflow-temp/azure-rest-api-specs/specification/databricks/resource-manager/Microsoft.Databricks/Databricks/preview/2022-04-01-preview/databricks.json:1393:5
warning | PreCheck/SchemaMissingType | The schema 'VirtualNetworkPeeringList' with an undefined type and declared properties is a bit ambiguous. This has been auto-corrected to 'type:object'
    - file:///home/runner/work/bicep-types-az/bicep-types-az/workflow-temp/azure-rest-api-specs/specification/databricks/resource-manager/Microsoft.Databricks/Databricks/preview/2022-04-01-preview/vnetpeering.json:303:5
warning | PreCheck/SchemaMissingType | The schema 'VirtualNetworkPeering' with an undefined type and declared properties is a bit ambiguous. This has been auto-corrected to 'type:object'
    - file:///home/runner/work/bicep-types-az/bicep-types-az/workflow-temp/azure-rest-api-specs/specification/databricks/resource-manager/Microsoft.Databricks/Databricks/preview/2022-04-01-preview/vnetpeering.json:319:5
warning | PreCheck/SchemaMissingType | The schema 'VirtualNetworkPeeringPropertiesFormat' with an undefined type and declared properties is a bit ambiguous. This has been auto-corrected to 'type:object'
    - file:///home/runner/work/bicep-types-az/bicep-types-az/workflow-temp/azure-rest-api-specs/specification/databricks/resource-manager/Microsoft.Databricks/Databricks/preview/2022-04-01-preview/vnetpeering.json:348:5
warning | PreCheck/SchemaMissingType | The schema 'VirtualNetworkPeeringPropertiesFormat-databricksVirtualNetwork' with an undefined type and declared properties is a bit ambiguous. This has been auto-corrected to 'type:object'
    - file:///home/runner/work/bicep-types-az/bicep-types-az/workflow-temp/azure-rest-api-specs/specification/databricks/resource-manager/Microsoft.Databricks/Databricks/preview/2022-04-01-preview/vnetpeering.json:366:9
warning | PreCheck/SchemaMissingType | The schema 'VirtualNetworkPeeringPropertiesFormat-remoteVirtualNetwork' with an undefined type and declared properties is a bit ambiguous. This has been auto-corrected to 'type:object'
    - file:///home/runner/work/bicep-types-az/bicep-types-az/workflow-temp/azure-rest-api-specs/specification/databricks/resource-manager/Microsoft.Databricks/Databricks/preview/2022-04-01-preview/vnetpeering.json:379:9
warning | PreCheck/SchemaMissingType | The schema 'AddressSpace' with an undefined type and declared properties is a bit ambiguous. This has been auto-corrected to 'type:object'
    - file:///home/runner/work/bicep-types-az/bicep-types-az/workflow-temp/azure-rest-api-specs/specification/databricks/resource-manager/Microsoft.Databricks/Databricks/preview/2022-04-01-preview/vnetpeering.json:432:5
warning | PreCheck/CheckDuplicateSchemas | Checking for duplicate schemas, this could take a (long) while.  Run with --verbose for more detail.
warning | PreCheck/PropertyRedeclarationWarning | Schema 'GroupIdInformation' has a property 'id' that is already declared the parent schema 'Resource' but isn't significantly different. The property has been removed from GroupIdInformation
warning | PreCheck/PropertyRedeclarationWarning | Schema 'GroupIdInformation' has a property 'name' that is already declared the parent schema 'Resource' but isn't significantly different. The property has been removed from GroupIdInformation
warning | PreCheck/PropertyRedeclarationWarning | Schema 'GroupIdInformation' has a property 'type' that is already declared the parent schema 'Resource' but isn't significantly different. The property has been removed from GroupIdInformation
warning | Unrecognized property type: any-object. Returning 'any'.
warning | DeprecatedConfig | Using directive.0.suppress which is deprecated and will be removed in the future.
warning | DeprecatedConfig | Using directive.1.suppress which is deprecated and will be removed in the future.
warning | DeprecatedConfig | Using directive.2.suppress which is deprecated and will be removed in the future.
warning | SkippedSemanticValidation | Semantic validation was skipped.
warning | PreCheck/SchemaMissingType | The schema 'Workspace' with an undefined type and declared properties is a bit ambiguous. This has been auto-corrected to 'type:object'
    - file:///home/runner/work/bicep-types-az/bicep-types-az/workflow-temp/azure-rest-api-specs/specification/databricks/resource-manager/Microsoft.Databricks/Databricks/stable/2023-02-01/databricks.json:669:5
warning | PreCheck/SchemaMissingType | The schema 'WorkspaceProperties' with an undefined type and declared properties is a bit ambiguous. This has been auto-corrected to 'type:object'
    - file:///home/runner/work/bicep-types-az/bicep-types-az/workflow-temp/azure-rest-api-specs/specification/databricks/resource-manager/Microsoft.Databricks/Databricks/stable/2023-02-01/databricks.json:697:5
warning | PreCheck/SchemaMissingType | The schema 'TrackedResource' with an undefined type and declared properties is a bit ambiguous. This has been auto-corrected to 'type:object'
    - file:///home/runner/work/bicep-types-az/bicep-types-az/workflow-temp/azure-rest-api-specs/specification/databricks/resource-manager/Microsoft.Databricks/Databricks/stable/2023-02-01/databricks.json:811:5
warning | PreCheck/SchemaMissingType | The schema 'Resource' with an undefined type and declared properties is a bit ambiguous. This has been auto-corrected to 'type:object'
    - file:///home/runner/work/bicep-types-az/bicep-types-az/workflow-temp/azure-rest-api-specs/specification/databricks/resource-manager/Microsoft.Databricks/Databricks/stable/2023-02-01/databricks.json:844:5
warning | PreCheck/SchemaMissingType | The schema 'Sku' with an undefined type and declared properties is a bit ambiguous. This has been auto-corrected to 'type:object'
    - file:///home/runner/work/bicep-types-az/bicep-types-az/workflow-temp/azure-rest-api-specs/specification/databricks/resource-manager/Microsoft.Databricks/Databricks/stable/2023-02-01/databricks.json:865:5
warning | PreCheck/SchemaMissingType | The schema 'ManagedIdentityConfiguration' with an undefined type and declared properties is a bit ambiguous. This has been auto-corrected to 'type:object'
    - file:///home/runner/work/bicep-types-az/bicep-types-az/workflow-temp/azure-rest-api-specs/specification/databricks/resource-manager/Microsoft.Databricks/Databricks/stable/2023-02-01/databricks.json:918:5
warning | PreCheck/SchemaMissingType | The schema 'WorkspaceCustomBooleanParameter' with an undefined type and declared properties is a bit ambiguous. This has been auto-corrected to 'type:object'
    - file:///home/runner/work/bicep-types-az/bicep-types-az/workflow-temp/azure-rest-api-specs/specification/databricks/resource-manager/Microsoft.Databricks/Databricks/stable/2023-02-01/databricks.json:954:5
warning | PreCheck/SchemaMissingType | The schema 'WorkspaceCustomObjectParameter' with an undefined type and declared properties is a bit ambiguous. This has been auto-corrected to 'type:object'
    - file:///home/runner/work/bicep-types-az/bicep-types-az/workflow-temp/azure-rest-api-specs/specification/databricks/resource-manager/Microsoft.Databricks/Databricks/stable/2023-02-01/databricks.json:970:5
warning | PreCheck/SchemaMissingType | The schema 'WorkspaceCustomStringParameter' with an undefined type and declared properties is a bit ambiguous. This has been auto-corrected to 'type:object'
    - file:///home/runner/work/bicep-types-az/bicep-types-az/workflow-temp/azure-rest-api-specs/specification/databricks/resource-manager/Microsoft.Databricks/Databricks/stable/2023-02-01/databricks.json:986:5
warning | PreCheck/SchemaMissingType | The schema 'WorkspaceCustomParameters' with an undefined type and declared properties is a bit ambiguous. This has been auto-corrected to 'type:object'
    - file:///home/runner/work/bicep-types-az/bicep-types-az/workflow-temp/azure-rest-api-specs/specification/databricks/resource-manager/Microsoft.Databricks/Databricks/stable/2023-02-01/databricks.json:1002:5
warning | PreCheck/SchemaMissingType | The schema 'CreatedBy' with an undefined type and declared properties is a bit ambiguous. This has been auto-corrected to 'type:object'
    - file:///home/runner/work/bicep-types-az/bicep-types-az/workflow-temp/azure-rest-api-specs/specification/databricks/resource-manager/Microsoft.Databricks/Databricks/stable/2023-02-01/databricks.json:1078:5
warning | PreCheck/SchemaMissingType | The schema 'WorkspaceEncryptionParameter' with an undefined type and declared properties is a bit ambiguous. This has been auto-corrected to 'type:object'
    - file:///home/runner/work/bicep-types-az/bicep-types-az/workflow-temp/azure-rest-api-specs/specification/databricks/resource-manager/Microsoft.Databricks/Databricks/stable/2023-02-01/databricks.json:1100:5
warning | PreCheck/SchemaMissingType | The schema 'Encryption' with an undefined type and declared properties is a bit ambiguous. This has been auto-corrected to 'type:object'
    - file:///home/runner/work/bicep-types-az/bicep-types-az/workflow-temp/azure-rest-api-specs/specification/databricks/resource-manager/Microsoft.Databricks/Databricks/stable/2023-02-01/databricks.json:1113:5
warning | PreCheck/SchemaMissingType | The schema 'EncryptionEntitiesDefinition' with an undefined type and declared properties is a bit ambiguous. This has been auto-corrected to 'type:object'
    - file:///home/runner/work/bicep-types-az/bicep-types-az/workflow-temp/azure-rest-api-specs/specification/databricks/resource-manager/Microsoft.Databricks/Databricks/stable/2023-02-01/databricks.json:1145:5
warning | PreCheck/SchemaMissingType | The schema 'EncryptionV2' with an undefined type and declared properties is a bit ambiguous. This has been auto-corrected to 'type:object'
    - file:///home/runner/work/bicep-types-az/bicep-types-az/workflow-temp/azure-rest-api-specs/specification/databricks/resource-manager/Microsoft.Databricks/Databricks/stable/2023-02-01/databricks.json:1160:5
warning | PreCheck/SchemaMissingType | The schema 'EncryptionV2-keyVaultProperties' with an undefined type and declared properties is a bit ambiguous. This has been auto-corrected to 'type:object'
    - file:///home/runner/work/bicep-types-az/bicep-types-az/workflow-temp/azure-rest-api-specs/specification/databricks/resource-manager/Microsoft.Databricks/Databricks/stable/2023-02-01/databricks.json:1173:9
warning | PreCheck/SchemaMissingType | The schema 'WorkspaceProviderAuthorization' with an undefined type and declared properties is a bit ambiguous. This has been auto-corrected to 'type:object'
    - file:///home/runner/work/bicep-types-az/bicep-types-az/workflow-temp/azure-rest-api-specs/specification/databricks/resource-manager/Microsoft.Databricks/Databricks/stable/2023-02-01/databricks.json:1249:5
warning | PreCheck/SchemaMissingType | The schema 'WorkspaceListResult' with an undefined type and declared properties is a bit ambiguous. This has been auto-corrected to 'type:object'
    - file:///home/runner/work/bicep-types-az/bicep-types-az/workflow-temp/azure-rest-api-specs/specification/databricks/resource-manager/Microsoft.Databricks/Databricks/stable/2023-02-01/databricks.json:1346:5
warning | PreCheck/SchemaMissingType | The schema 'Operation-display' with an undefined type and declared properties is a bit ambiguous. This has been auto-corrected to 'type:object'
    - file:///home/runner/work/bicep-types-az/bicep-types-az/workflow-temp/azure-rest-api-specs/specification/databricks/resource-manager/Microsoft.Databricks/Databricks/stable/2023-02-01/databricks.json:1370:9
warning | PreCheck/SchemaMissingType | The schema 'OperationListResult' with an undefined type and declared properties is a bit ambiguous. This has been auto-corrected to 'type:object'
    - file:///home/runner/work/bicep-types-az/bicep-types-az/workflow-temp/azure-rest-api-specs/specification/databricks/resource-manager/Microsoft.Databricks/Databricks/stable/2023-02-01/databricks.json:1393:5
warning | PreCheck/SchemaMissingType | The schema 'VirtualNetworkPeeringList' with an undefined type and declared properties is a bit ambiguous. This has been auto-corrected to 'type:object'
    - file:///home/runner/work/bicep-types-az/bicep-types-az/workflow-temp/azure-rest-api-specs/specification/databricks/resource-manager/Microsoft.Databricks/Databricks/stable/2023-02-01/vnetpeering.json:303:5
warning | PreCheck/SchemaMissingType | The schema 'VirtualNetworkPeering' with an undefined type and declared properties is a bit ambiguous. This has been auto-corrected to 'type:object'
    - file:///home/runner/work/bicep-types-az/bicep-types-az/workflow-temp/azure-rest-api-specs/specification/databricks/resource-manager/Microsoft.Databricks/Databricks/stable/2023-02-01/vnetpeering.json:319:5
warning | PreCheck/SchemaMissingType | The schema 'VirtualNetworkPeeringPropertiesFormat' with an undefined type and declared properties is a bit ambiguous. This has been auto-corrected to 'type:object'
    - file:///home/runner/work/bicep-types-az/bicep-types-az/workflow-temp/azure-rest-api-specs/specification/databricks/resource-manager/Microsoft.Databricks/Databricks/stable/2023-02-01/vnetpeering.json:348:5
warning | PreCheck/SchemaMissingType | The schema 'VirtualNetworkPeeringPropertiesFormat-databricksVirtualNetwork' with an undefined type and declared properties is a bit ambiguous. This has been auto-corrected to 'type:object'
    - file:///home/runner/work/bicep-types-az/bicep-types-az/workflow-temp/azure-rest-api-specs/specification/databricks/resource-manager/Microsoft.Databricks/Databricks/stable/2023-02-01/vnetpeering.json:366:9
warning | PreCheck/SchemaMissingType | The schema 'VirtualNetworkPeeringPropertiesFormat-remoteVirtualNetwork' with an undefined type and declared properties is a bit ambiguous. This has been auto-corrected to 'type:object'
    - file:///home/runner/work/bicep-types-az/bicep-types-az/workflow-temp/azure-rest-api-specs/specification/databricks/resource-manager/Microsoft.Databricks/Databricks/stable/2023-02-01/vnetpeering.json:379:9
warning | PreCheck/SchemaMissingType | The schema 'AddressSpace' with an undefined type and declared properties is a bit ambiguous. This has been auto-corrected to 'type:object'
    - file:///home/runner/work/bicep-types-az/bicep-types-az/workflow-temp/azure-rest-api-specs/specification/databricks/resource-manager/Microsoft.Databricks/Databricks/stable/2023-02-01/vnetpeering.json:432:5
warning | PreCheck/CheckDuplicateSchemas | Checking for duplicate schemas, this could take a (long) while.  Run with --verbose for more detail.
warning | PreCheck/PropertyRedeclarationWarning | Schema 'GroupIdInformation' has a property 'id' that is already declared the parent schema 'Resource' but isn't significantly different. The property has been removed from GroupIdInformation
warning | PreCheck/PropertyRedeclarationWarning | Schema 'GroupIdInformation' has a property 'name' that is already declared the parent schema 'Resource' but isn't significantly different. The property has been removed from GroupIdInformation
warning | PreCheck/PropertyRedeclarationWarning | Schema 'GroupIdInformation' has a property 'type' that is already declared the parent schema 'Resource' but isn't significantly different. The property has been removed from GroupIdInformation
warning | Unrecognized property type: any-object. Returning 'any'.
warning | DeprecatedConfig | Using directive.0.suppress which is deprecated and will be removed in the future.
warning | DeprecatedConfig | Using directive.1.suppress which is deprecated and will be removed in the future.
warning | DeprecatedConfig | Using directive.2.suppress which is deprecated and will be removed in the future.
warning | SkippedSemanticValidation | Semantic validation was skipped.
warning | PreCheck/SchemaMissingType | The schema 'TrackedResource' with an undefined type and declared properties is a bit ambiguous. This has been auto-corrected to 'type:object'
warning | PreCheck/SchemaMissingType | The schema 'Resource' with an undefined type and declared properties is a bit ambiguous. This has been auto-corrected to 'type:object'
warning | PreCheck/CheckDuplicateSchemas | Checking for duplicate schemas, this could take a (long) while.  Run with --verbose for more detail.
warning | DeprecatedConfig | Using directive.0.suppress which is deprecated and will be removed in the future.
warning | DeprecatedConfig | Using directive.1.suppress which is deprecated and will be removed in the future.
warning | DeprecatedConfig | Using directive.2.suppress which is deprecated and will be removed in the future.
warning | SkippedSemanticValidation | Semantic validation was skipped.
warning | PreCheck/SchemaMissingType | The schema 'TrackedResource' with an undefined type and declared properties is a bit ambiguous. This has been auto-corrected to 'type:object'
warning | PreCheck/SchemaMissingType | The schema 'Resource' with an undefined type and declared properties is a bit ambiguous. This has been auto-corrected to 'type:object'
warning | PreCheck/CheckDuplicateSchemas | Checking for duplicate schemas, this could take a (long) while.  Run with --verbose for more detail.
warning | DeprecatedConfig | Using directive.0.suppress which is deprecated and will be removed in the future.
warning | DeprecatedConfig | Using directive.1.suppress which is deprecated and will be removed in the future.
warning | DeprecatedConfig | Using directive.2.suppress which is deprecated and will be removed in the future.
warning | SkippedSemanticValidation | Semantic validation was skipped.
warning | PreCheck/SchemaMissingType | The schema 'Workspace' with an undefined type and declared properties is a bit ambiguous. This has been auto-corrected to 'type:object'
    - file:///home/runner/work/bicep-types-az/bicep-types-az/workflow-temp/azure-rest-api-specs/specification/databricks/resource-manager/Microsoft.Databricks/Databricks/preview/2023-09-15-preview/databricks.json:685:5
warning | PreCheck/SchemaMissingType | The schema 'WorkspaceProperties' with an undefined type and declared properties is a bit ambiguous. This has been auto-corrected to 'type:object'
    - file:///home/runner/work/bicep-types-az/bicep-types-az/workflow-temp/azure-rest-api-specs/specification/databricks/resource-manager/Microsoft.Databricks/Databricks/preview/2023-09-15-preview/databricks.json:713:5
warning | PreCheck/SchemaMissingType | The schema 'TrackedResource' with an undefined type and declared properties is a bit ambiguous. This has been auto-corrected to 'type:object'
    - file:///home/runner/work/bicep-types-az/bicep-types-az/workflow-temp/azure-rest-api-specs/specification/databricks/resource-manager/Microsoft.Databricks/Databricks/preview/2023-09-15-preview/databricks.json:840:5
warning | PreCheck/SchemaMissingType | The schema 'Resource' with an undefined type and declared properties is a bit ambiguous. This has been auto-corrected to 'type:object'
    - file:///home/runner/work/bicep-types-az/bicep-types-az/workflow-temp/azure-rest-api-specs/specification/databricks/resource-manager/Microsoft.Databricks/Databricks/preview/2023-09-15-preview/databricks.json:873:5
warning | PreCheck/SchemaMissingType | The schema 'Sku' with an undefined type and declared properties is a bit ambiguous. This has been auto-corrected to 'type:object'
    - file:///home/runner/work/bicep-types-az/bicep-types-az/workflow-temp/azure-rest-api-specs/specification/databricks/resource-manager/Microsoft.Databricks/Databricks/preview/2023-09-15-preview/databricks.json:894:5
warning | PreCheck/SchemaMissingType | The schema 'ManagedIdentityConfiguration' with an undefined type and declared properties is a bit ambiguous. This has been auto-corrected to 'type:object'
    - file:///home/runner/work/bicep-types-az/bicep-types-az/workflow-temp/azure-rest-api-specs/specification/databricks/resource-manager/Microsoft.Databricks/Databricks/preview/2023-09-15-preview/databricks.json:947:5
warning | PreCheck/SchemaMissingType | The schema 'WorkspaceCustomBooleanParameter' with an undefined type and declared properties is a bit ambiguous. This has been auto-corrected to 'type:object'
    - file:///home/runner/work/bicep-types-az/bicep-types-az/workflow-temp/azure-rest-api-specs/specification/databricks/resource-manager/Microsoft.Databricks/Databricks/preview/2023-09-15-preview/databricks.json:1075:5
warning | PreCheck/SchemaMissingType | The schema 'WorkspaceCustomObjectParameter' with an undefined type and declared properties is a bit ambiguous. This has been auto-corrected to 'type:object'
    - file:///home/runner/work/bicep-types-az/bicep-types-az/workflow-temp/azure-rest-api-specs/specification/databricks/resource-manager/Microsoft.Databricks/Databricks/preview/2023-09-15-preview/databricks.json:1091:5
warning | PreCheck/SchemaMissingType | The schema 'WorkspaceCustomStringParameter' with an undefined type and declared properties is a bit ambiguous. This has been auto-corrected to 'type:object'
    - file:///home/runner/work/bicep-types-az/bicep-types-az/workflow-temp/azure-rest-api-specs/specification/databricks/resource-manager/Microsoft.Databricks/Databricks/preview/2023-09-15-preview/databricks.json:1107:5
warning | PreCheck/SchemaMissingType | The schema 'WorkspaceCustomParameters' with an undefined type and declared properties is a bit ambiguous. This has been auto-corrected to 'type:object'
    - file:///home/runner/work/bicep-types-az/bicep-types-az/workflow-temp/azure-rest-api-specs/specification/databricks/resource-manager/Microsoft.Databricks/Databricks/preview/2023-09-15-preview/databricks.json:1123:5
warning | PreCheck/SchemaMissingType | The schema 'CreatedBy' with an undefined type and declared properties is a bit ambiguous. This has been auto-corrected to 'type:object'
    - file:///home/runner/work/bicep-types-az/bicep-types-az/workflow-temp/azure-rest-api-specs/specification/databricks/resource-manager/Microsoft.Databricks/Databricks/preview/2023-09-15-preview/databricks.json:1199:5
warning | PreCheck/SchemaMissingType | The schema 'WorkspaceEncryptionParameter' with an undefined type and declared properties is a bit ambiguous. This has been auto-corrected to 'type:object'
    - file:///home/runner/work/bicep-types-az/bicep-types-az/workflow-temp/azure-rest-api-specs/specification/databricks/resource-manager/Microsoft.Databricks/Databricks/preview/2023-09-15-preview/databricks.json:1221:5
warning | PreCheck/SchemaMissingType | The schema 'Encryption' with an undefined type and declared properties is a bit ambiguous. This has been auto-corrected to 'type:object'
    - file:///home/runner/work/bicep-types-az/bicep-types-az/workflow-temp/azure-rest-api-specs/specification/databricks/resource-manager/Microsoft.Databricks/Databricks/preview/2023-09-15-preview/databricks.json:1234:5
warning | PreCheck/SchemaMissingType | The schema 'EncryptionEntitiesDefinition' with an undefined type and declared properties is a bit ambiguous. This has been auto-corrected to 'type:object'
    - file:///home/runner/work/bicep-types-az/bicep-types-az/workflow-temp/azure-rest-api-specs/specification/databricks/resource-manager/Microsoft.Databricks/Databricks/preview/2023-09-15-preview/databricks.json:1289:5
warning | PreCheck/SchemaMissingType | The schema 'EncryptionV2' with an undefined type and declared properties is a bit ambiguous. This has been auto-corrected to 'type:object'
    - file:///home/runner/work/bicep-types-az/bicep-types-az/workflow-temp/azure-rest-api-specs/specification/databricks/resource-manager/Microsoft.Databricks/Databricks/preview/2023-09-15-preview/databricks.json:1304:5
warning | PreCheck/SchemaMissingType | The schema 'EncryptionV2-keyVaultProperties' with an undefined type and declared properties is a bit ambiguous. This has been auto-corrected to 'type:object'
    - file:///home/runner/work/bicep-types-az/bicep-types-az/workflow-temp/azure-rest-api-specs/specification/databricks/resource-manager/Microsoft.Databricks/Databricks/preview/2023-09-15-preview/databricks.json:1317:9
warning | PreCheck/SchemaMissingType | The schema 'WorkspaceProviderAuthorization' with an undefined type and declared properties is a bit ambiguous. This has been auto-corrected to 'type:object'
    - file:///home/runner/work/bicep-types-az/bicep-types-az/workflow-temp/azure-rest-api-specs/specification/databricks/resource-manager/Microsoft.Databricks/Databricks/preview/2023-09-15-preview/databricks.json:1393:5
warning | PreCheck/SchemaMissingType | The schema 'WorkspaceListResult' with an undefined type and declared properties is a bit ambiguous. This has been auto-corrected to 'type:object'
    - file:///home/runner/work/bicep-types-az/bicep-types-az/workflow-temp/azure-rest-api-specs/specification/databricks/resource-manager/Microsoft.Databricks/Databricks/preview/2023-09-15-preview/databricks.json:1490:5
warning | PreCheck/SchemaMissingType | The schema 'Operation-display' with an undefined type and declared properties is a bit ambiguous. This has been auto-corrected to 'type:object'
    - file:///home/runner/work/bicep-types-az/bicep-types-az/workflow-temp/azure-rest-api-specs/specification/databricks/resource-manager/Microsoft.Databricks/Databricks/preview/2023-09-15-preview/databricks.json:1514:9
warning | PreCheck/SchemaMissingType | The schema 'OperationListResult' with an undefined type and declared properties is a bit ambiguous. This has been auto-corrected to 'type:object'
    - file:///home/runner/work/bicep-types-az/bicep-types-az/workflow-temp/azure-rest-api-specs/specification/databricks/resource-manager/Microsoft.Databricks/Databricks/preview/2023-09-15-preview/databricks.json:1537:5
warning | PreCheck/SchemaMissingType | The schema 'VirtualNetworkPeeringList' with an undefined type and declared properties is a bit ambiguous. This has been auto-corrected to 'type:object'
    - file:///home/runner/work/bicep-types-az/bicep-types-az/workflow-temp/azure-rest-api-specs/specification/databricks/resource-manager/Microsoft.Databricks/Databricks/preview/2023-09-15-preview/vnetpeering.json:303:5
warning | PreCheck/SchemaMissingType | The schema 'VirtualNetworkPeering' with an undefined type and declared properties is a bit ambiguous. This has been auto-corrected to 'type:object'
    - file:///home/runner/work/bicep-types-az/bicep-types-az/workflow-temp/azure-rest-api-specs/specification/databricks/resource-manager/Microsoft.Databricks/Databricks/preview/2023-09-15-preview/vnetpeering.json:319:5
warning | PreCheck/SchemaMissingType | The schema 'VirtualNetworkPeeringPropertiesFormat' with an undefined type and declared properties is a bit ambiguous. This has been auto-corrected to 'type:object'
    - file:///home/runner/work/bicep-types-az/bicep-types-az/workflow-temp/azure-rest-api-specs/specification/databricks/resource-manager/Microsoft.Databricks/Databricks/preview/2023-09-15-preview/vnetpeering.json:348:5
warning | PreCheck/SchemaMissingType | The schema 'VirtualNetworkPeeringPropertiesFormat-databricksVirtualNetwork' with an undefined type and declared properties is a bit ambiguous. This has been auto-corrected to 'type:object'
    - file:///home/runner/work/bicep-types-az/bicep-types-az/workflow-temp/azure-rest-api-specs/specification/databricks/resource-manager/Microsoft.Databricks/Databricks/preview/2023-09-15-preview/vnetpeering.json:366:9
warning | PreCheck/SchemaMissingType | The schema 'VirtualNetworkPeeringPropertiesFormat-remoteVirtualNetwork' with an undefined type and declared properties is a bit ambiguous. This has been auto-corrected to 'type:object'
    - file:///home/runner/work/bicep-types-az/bicep-types-az/workflow-temp/azure-rest-api-specs/specification/databricks/resource-manager/Microsoft.Databricks/Databricks/preview/2023-09-15-preview/vnetpeering.json:379:9
warning | PreCheck/SchemaMissingType | The schema 'AddressSpace' with an undefined type and declared properties is a bit ambiguous. This has been auto-corrected to 'type:object'
    - file:///home/runner/work/bicep-types-az/bicep-types-az/workflow-temp/azure-rest-api-specs/specification/databricks/resource-manager/Microsoft.Databricks/Databricks/preview/2023-09-15-preview/vnetpeering.json:432:5
warning | PreCheck/CheckDuplicateSchemas | Checking for duplicate schemas, this could take a (long) while.  Run with --verbose for more detail.
warning | PreCheck/PropertyRedeclarationWarning | Schema 'GroupIdInformation' has a property 'id' that is already declared the parent schema 'Resource' but isn't significantly different. The property has been removed from GroupIdInformation
warning | PreCheck/PropertyRedeclarationWarning | Schema 'GroupIdInformation' has a property 'name' that is already declared the parent schema 'Resource' but isn't significantly different. The property has been removed from GroupIdInformation
warning | PreCheck/PropertyRedeclarationWarning | Schema 'GroupIdInformation' has a property 'type' that is already declared the parent schema 'Resource' but isn't significantly different. The property has been removed from GroupIdInformation
warning | Unrecognized property type: any-object. Returning 'any'.
warning | DeprecatedConfig | Using directive.0.suppress which is deprecated and will be removed in the future.
warning | DeprecatedConfig | Using directive.1.suppress which is deprecated and will be removed in the future.
warning | DeprecatedConfig | Using directive.2.suppress which is deprecated and will be removed in the future.
warning | SkippedSemanticValidation | Semantic validation was skipped.
warning | PreCheck/SchemaMissingType | The schema 'Workspace' with an undefined type and declared properties is a bit ambiguous. This has been auto-corrected to 'type:object'
    - file:///home/runner/work/bicep-types-az/bicep-types-az/workflow-temp/azure-rest-api-specs/specification/databricks/resource-manager/Microsoft.Databricks/Databricks/stable/2024-05-01/databricks.json:686:5
warning | PreCheck/SchemaMissingType | The schema 'WorkspaceProperties' with an undefined type and declared properties is a bit ambiguous. This has been auto-corrected to 'type:object'
    - file:///home/runner/work/bicep-types-az/bicep-types-az/workflow-temp/azure-rest-api-specs/specification/databricks/resource-manager/Microsoft.Databricks/Databricks/stable/2024-05-01/databricks.json:714:5
warning | PreCheck/SchemaMissingType | The schema 'TrackedResource' with an undefined type and declared properties is a bit ambiguous. This has been auto-corrected to 'type:object'
    - file:///home/runner/work/bicep-types-az/bicep-types-az/workflow-temp/azure-rest-api-specs/specification/databricks/resource-manager/Microsoft.Databricks/Databricks/stable/2024-05-01/databricks.json:899:5
warning | PreCheck/SchemaMissingType | The schema 'Resource' with an undefined type and declared properties is a bit ambiguous. This has been auto-corrected to 'type:object'
    - file:///home/runner/work/bicep-types-az/bicep-types-az/workflow-temp/azure-rest-api-specs/specification/databricks/resource-manager/Microsoft.Databricks/Databricks/stable/2024-05-01/databricks.json:932:5
warning | PreCheck/SchemaMissingType | The schema 'Sku' with an undefined type and declared properties is a bit ambiguous. This has been auto-corrected to 'type:object'
    - file:///home/runner/work/bicep-types-az/bicep-types-az/workflow-temp/azure-rest-api-specs/specification/databricks/resource-manager/Microsoft.Databricks/Databricks/stable/2024-05-01/databricks.json:953:5
warning | PreCheck/SchemaMissingType | The schema 'ManagedIdentityConfiguration' with an undefined type and declared properties is a bit ambiguous. This has been auto-corrected to 'type:object'
    - file:///home/runner/work/bicep-types-az/bicep-types-az/workflow-temp/azure-rest-api-specs/specification/databricks/resource-manager/Microsoft.Databricks/Databricks/stable/2024-05-01/databricks.json:1006:5
warning | PreCheck/SchemaMissingType | The schema 'WorkspaceCustomBooleanParameter' with an undefined type and declared properties is a bit ambiguous. This has been auto-corrected to 'type:object'
    - file:///home/runner/work/bicep-types-az/bicep-types-az/workflow-temp/azure-rest-api-specs/specification/databricks/resource-manager/Microsoft.Databricks/Databricks/stable/2024-05-01/databricks.json:1151:5
warning | PreCheck/SchemaMissingType | The schema 'WorkspaceCustomObjectParameter' with an undefined type and declared properties is a bit ambiguous. This has been auto-corrected to 'type:object'
    - file:///home/runner/work/bicep-types-az/bicep-types-az/workflow-temp/azure-rest-api-specs/specification/databricks/resource-manager/Microsoft.Databricks/Databricks/stable/2024-05-01/databricks.json:1167:5
warning | PreCheck/SchemaMissingType | The schema 'WorkspaceCustomStringParameter' with an undefined type and declared properties is a bit ambiguous. This has been auto-corrected to 'type:object'
    - file:///home/runner/work/bicep-types-az/bicep-types-az/workflow-temp/azure-rest-api-specs/specification/databricks/resource-manager/Microsoft.Databricks/Databricks/stable/2024-05-01/databricks.json:1183:5
warning | PreCheck/SchemaMissingType | The schema 'WorkspaceCustomParameters' with an undefined type and declared properties is a bit ambiguous. This has been auto-corrected to 'type:object'
    - file:///home/runner/work/bicep-types-az/bicep-types-az/workflow-temp/azure-rest-api-specs/specification/databricks/resource-manager/Microsoft.Databricks/Databricks/stable/2024-05-01/databricks.json:1199:5
warning | PreCheck/SchemaMissingType | The schema 'CreatedBy' with an undefined type and declared properties is a bit ambiguous. This has been auto-corrected to 'type:object'
    - file:///home/runner/work/bicep-types-az/bicep-types-az/workflow-temp/azure-rest-api-specs/specification/databricks/resource-manager/Microsoft.Databricks/Databricks/stable/2024-05-01/databricks.json:1275:5
warning | PreCheck/SchemaMissingType | The schema 'WorkspaceEncryptionParameter' with an undefined type and declared properties is a bit ambiguous. This has been auto-corrected to 'type:object'
    - file:///home/runner/work/bicep-types-az/bicep-types-az/workflow-temp/azure-rest-api-specs/specification/databricks/resource-manager/Microsoft.Databricks/Databricks/stable/2024-05-01/databricks.json:1297:5
warning | PreCheck/SchemaMissingType | The schema 'Encryption' with an undefined type and declared properties is a bit ambiguous. This has been auto-corrected to 'type:object'
    - file:///home/runner/work/bicep-types-az/bicep-types-az/workflow-temp/azure-rest-api-specs/specification/databricks/resource-manager/Microsoft.Databricks/Databricks/stable/2024-05-01/databricks.json:1310:5
warning | PreCheck/SchemaMissingType | The schema 'EncryptionEntitiesDefinition' with an undefined type and declared properties is a bit ambiguous. This has been auto-corrected to 'type:object'
    - file:///home/runner/work/bicep-types-az/bicep-types-az/workflow-temp/azure-rest-api-specs/specification/databricks/resource-manager/Microsoft.Databricks/Databricks/stable/2024-05-01/databricks.json:1365:5
warning | PreCheck/SchemaMissingType | The schema 'EncryptionV2' with an undefined type and declared properties is a bit ambiguous. This has been auto-corrected to 'type:object'
    - file:///home/runner/work/bicep-types-az/bicep-types-az/workflow-temp/azure-rest-api-specs/specification/databricks/resource-manager/Microsoft.Databricks/Databricks/stable/2024-05-01/databricks.json:1380:5
warning | PreCheck/SchemaMissingType | The schema 'EncryptionV2-keyVaultProperties' with an undefined type and declared properties is a bit ambiguous. This has been auto-corrected to 'type:object'
    - file:///home/runner/work/bicep-types-az/bicep-types-az/workflow-temp/azure-rest-api-specs/specification/databricks/resource-manager/Microsoft.Databricks/Databricks/stable/2024-05-01/databricks.json:1393:9
warning | PreCheck/SchemaMissingType | The schema 'WorkspaceProviderAuthorization' with an undefined type and declared properties is a bit ambiguous. This has been auto-corrected to 'type:object'
    - file:///home/runner/work/bicep-types-az/bicep-types-az/workflow-temp/azure-rest-api-specs/specification/databricks/resource-manager/Microsoft.Databricks/Databricks/stable/2024-05-01/databricks.json:1469:5
warning | PreCheck/SchemaMissingType | The schema 'WorkspaceListResult' with an undefined type and declared properties is a bit ambiguous. This has been auto-corrected to 'type:object'
    - file:///home/runner/work/bicep-types-az/bicep-types-az/workflow-temp/azure-rest-api-specs/specification/databricks/resource-manager/Microsoft.Databricks/Databricks/stable/2024-05-01/databricks.json:1566:5
warning | PreCheck/SchemaMissingType | The schema 'Operation-display' with an undefined type and declared properties is a bit ambiguous. This has been auto-corrected to 'type:object'
    - file:///home/runner/work/bicep-types-az/bicep-types-az/workflow-temp/azure-rest-api-specs/specification/databricks/resource-manager/Microsoft.Databricks/Databricks/stable/2024-05-01/databricks.json:1590:9
warning | PreCheck/SchemaMissingType | The schema 'OperationListResult' with an undefined type and declared properties is a bit ambiguous. This has been auto-corrected to 'type:object'
    - file:///home/runner/work/bicep-types-az/bicep-types-az/workflow-temp/azure-rest-api-specs/specification/databricks/resource-manager/Microsoft.Databricks/Databricks/stable/2024-05-01/databricks.json:1613:5
warning | PreCheck/SchemaMissingType | The schema 'VirtualNetworkPeeringList' with an undefined type and declared properties is a bit ambiguous. This has been auto-corrected to 'type:object'
    - file:///home/runner/work/bicep-types-az/bicep-types-az/workflow-temp/azure-rest-api-specs/specification/databricks/resource-manager/Microsoft.Databricks/Databricks/stable/2024-05-01/vnetpeering.json:303:5
warning | PreCheck/SchemaMissingType | The schema 'VirtualNetworkPeering' with an undefined type and declared properties is a bit ambiguous. This has been auto-corrected to 'type:object'
    - file:///home/runner/work/bicep-types-az/bicep-types-az/workflow-temp/azure-rest-api-specs/specification/databricks/resource-manager/Microsoft.Databricks/Databricks/stable/2024-05-01/vnetpeering.json:319:5
warning | PreCheck/SchemaMissingType | The schema 'VirtualNetworkPeeringPropertiesFormat' with an undefined type and declared properties is a bit ambiguous. This has been auto-corrected to 'type:object'
    - file:///home/runner/work/bicep-types-az/bicep-types-az/workflow-temp/azure-rest-api-specs/specification/databricks/resource-manager/Microsoft.Databricks/Databricks/stable/2024-05-01/vnetpeering.json:348:5
warning | PreCheck/SchemaMissingType | The schema 'VirtualNetworkPeeringPropertiesFormat-databricksVirtualNetwork' with an undefined type and declared properties is a bit ambiguous. This has been auto-corrected to 'type:object'
    - file:///home/runner/work/bicep-types-az/bicep-types-az/workflow-temp/azure-rest-api-specs/specification/databricks/resource-manager/Microsoft.Databricks/Databricks/stable/2024-05-01/vnetpeering.json:366:9
warning | PreCheck/SchemaMissingType | The schema 'VirtualNetworkPeeringPropertiesFormat-remoteVirtualNetwork' with an undefined type and declared properties is a bit ambiguous. This has been auto-corrected to 'type:object'
    - file:///home/runner/work/bicep-types-az/bicep-types-az/workflow-temp/azure-rest-api-specs/specification/databricks/resource-manager/Microsoft.Databricks/Databricks/stable/2024-05-01/vnetpeering.json:379:9
warning | PreCheck/SchemaMissingType | The schema 'AddressSpace' with an undefined type and declared properties is a bit ambiguous. This has been auto-corrected to 'type:object'
    - file:///home/runner/work/bicep-types-az/bicep-types-az/workflow-temp/azure-rest-api-specs/specification/databricks/resource-manager/Microsoft.Databricks/Databricks/stable/2024-05-01/vnetpeering.json:432:5
warning | PreCheck/SchemaMissingType | The schema 'TrackedResource' with an undefined type and declared properties is a bit ambiguous. This has been auto-corrected to 'type:object'
warning | PreCheck/SchemaMissingType | The schema 'Resource' with an undefined type and declared properties is a bit ambiguous. This has been auto-corrected to 'type:object'
warning | PreCheck/CheckDuplicateSchemas | Checking for duplicate schemas, this could take a (long) while.  Run with --verbose for more detail.
warning | PreCheck/PropertyRedeclarationWarning | Schema 'GroupIdInformation' has a property 'id' that is already declared the parent schema 'Resource' but isn't significantly different. The property has been removed from GroupIdInformation
warning | PreCheck/PropertyRedeclarationWarning | Schema 'GroupIdInformation' has a property 'name' that is already declared the parent schema 'Resource' but isn't significantly different. The property has been removed from GroupIdInformation
warning | PreCheck/PropertyRedeclarationWarning | Schema 'GroupIdInformation' has a property 'type' that is already declared the parent schema 'Resource' but isn't significantly different. The property has been removed from GroupIdInformation
warning | Unrecognized property type: any-object. Returning 'any'.
warning | DeprecatedConfig | Using directive.0.suppress which is deprecated and will be removed in the future.
warning | DeprecatedConfig | Using directive.1.suppress which is deprecated and will be removed in the future.
warning | DeprecatedConfig | Using directive.2.suppress which is deprecated and will be removed in the future.
warning | SkippedSemanticValidation | Semantic validation was skipped.
warning | PreCheck/SchemaMissingType | The schema 'Workspace' with an undefined type and declared properties is a bit ambiguous. This has been auto-corrected to 'type:object'
    - file:///home/runner/work/bicep-types-az/bicep-types-az/workflow-temp/azure-rest-api-specs/specification/databricks/resource-manager/Microsoft.Databricks/Databricks/preview/2024-09-01-preview/databricks.json:686:5
warning | PreCheck/SchemaMissingType | The schema 'WorkspaceProperties' with an undefined type and declared properties is a bit ambiguous. This has been auto-corrected to 'type:object'
    - file:///home/runner/work/bicep-types-az/bicep-types-az/workflow-temp/azure-rest-api-specs/specification/databricks/resource-manager/Microsoft.Databricks/Databricks/preview/2024-09-01-preview/databricks.json:714:5
warning | PreCheck/SchemaMissingType | The schema 'TrackedResource' with an undefined type and declared properties is a bit ambiguous. This has been auto-corrected to 'type:object'
    - file:///home/runner/work/bicep-types-az/bicep-types-az/workflow-temp/azure-rest-api-specs/specification/databricks/resource-manager/Microsoft.Databricks/Databricks/preview/2024-09-01-preview/databricks.json:899:5
warning | PreCheck/SchemaMissingType | The schema 'Resource' with an undefined type and declared properties is a bit ambiguous. This has been auto-corrected to 'type:object'
    - file:///home/runner/work/bicep-types-az/bicep-types-az/workflow-temp/azure-rest-api-specs/specification/databricks/resource-manager/Microsoft.Databricks/Databricks/preview/2024-09-01-preview/databricks.json:932:5
warning | PreCheck/SchemaMissingType | The schema 'Sku' with an undefined type and declared properties is a bit ambiguous. This has been auto-corrected to 'type:object'
    - file:///home/runner/work/bicep-types-az/bicep-types-az/workflow-temp/azure-rest-api-specs/specification/databricks/resource-manager/Microsoft.Databricks/Databricks/preview/2024-09-01-preview/databricks.json:953:5
warning | PreCheck/SchemaMissingType | The schema 'ManagedIdentityConfiguration' with an undefined type and declared properties is a bit ambiguous. This has been auto-corrected to 'type:object'
    - file:///home/runner/work/bicep-types-az/bicep-types-az/workflow-temp/azure-rest-api-specs/specification/databricks/resource-manager/Microsoft.Databricks/Databricks/preview/2024-09-01-preview/databricks.json:1006:5
warning | PreCheck/SchemaMissingType | The schema 'WorkspaceCustomBooleanParameter' with an undefined type and declared properties is a bit ambiguous. This has been auto-corrected to 'type:object'
    - file:///home/runner/work/bicep-types-az/bicep-types-az/workflow-temp/azure-rest-api-specs/specification/databricks/resource-manager/Microsoft.Databricks/Databricks/preview/2024-09-01-preview/databricks.json:1152:5
warning | PreCheck/SchemaMissingType | The schema 'WorkspaceCustomObjectParameter' with an undefined type and declared properties is a bit ambiguous. This has been auto-corrected to 'type:object'
    - file:///home/runner/work/bicep-types-az/bicep-types-az/workflow-temp/azure-rest-api-specs/specification/databricks/resource-manager/Microsoft.Databricks/Databricks/preview/2024-09-01-preview/databricks.json:1168:5
warning | PreCheck/SchemaMissingType | The schema 'WorkspaceCustomStringParameter' with an undefined type and declared properties is a bit ambiguous. This has been auto-corrected to 'type:object'
    - file:///home/runner/work/bicep-types-az/bicep-types-az/workflow-temp/azure-rest-api-specs/specification/databricks/resource-manager/Microsoft.Databricks/Databricks/preview/2024-09-01-preview/databricks.json:1184:5
warning | PreCheck/SchemaMissingType | The schema 'WorkspaceCustomParameters' with an undefined type and declared properties is a bit ambiguous. This has been auto-corrected to 'type:object'
    - file:///home/runner/work/bicep-types-az/bicep-types-az/workflow-temp/azure-rest-api-specs/specification/databricks/resource-manager/Microsoft.Databricks/Databricks/preview/2024-09-01-preview/databricks.json:1200:5
warning | PreCheck/SchemaMissingType | The schema 'CreatedBy' with an undefined type and declared properties is a bit ambiguous. This has been auto-corrected to 'type:object'
    - file:///home/runner/work/bicep-types-az/bicep-types-az/workflow-temp/azure-rest-api-specs/specification/databricks/resource-manager/Microsoft.Databricks/Databricks/preview/2024-09-01-preview/databricks.json:1276:5
warning | PreCheck/SchemaMissingType | The schema 'WorkspaceEncryptionParameter' with an undefined type and declared properties is a bit ambiguous. This has been auto-corrected to 'type:object'
    - file:///home/runner/work/bicep-types-az/bicep-types-az/workflow-temp/azure-rest-api-specs/specification/databricks/resource-manager/Microsoft.Databricks/Databricks/preview/2024-09-01-preview/databricks.json:1298:5
warning | PreCheck/SchemaMissingType | The schema 'Encryption' with an undefined type and declared properties is a bit ambiguous. This has been auto-corrected to 'type:object'
    - file:///home/runner/work/bicep-types-az/bicep-types-az/workflow-temp/azure-rest-api-specs/specification/databricks/resource-manager/Microsoft.Databricks/Databricks/preview/2024-09-01-preview/databricks.json:1311:5
warning | PreCheck/SchemaMissingType | The schema 'EncryptionEntitiesDefinition' with an undefined type and declared properties is a bit ambiguous. This has been auto-corrected to 'type:object'
    - file:///home/runner/work/bicep-types-az/bicep-types-az/workflow-temp/azure-rest-api-specs/specification/databricks/resource-manager/Microsoft.Databricks/Databricks/preview/2024-09-01-preview/databricks.json:1366:5
warning | PreCheck/SchemaMissingType | The schema 'EncryptionV2' with an undefined type and declared properties is a bit ambiguous. This has been auto-corrected to 'type:object'
    - file:///home/runner/work/bicep-types-az/bicep-types-az/workflow-temp/azure-rest-api-specs/specification/databricks/resource-manager/Microsoft.Databricks/Databricks/preview/2024-09-01-preview/databricks.json:1381:5
warning | PreCheck/SchemaMissingType | The schema 'EncryptionV2-keyVaultProperties' with an undefined type and declared properties is a bit ambiguous. This has been auto-corrected to 'type:object'
    - file:///home/runner/work/bicep-types-az/bicep-types-az/workflow-temp/azure-rest-api-specs/specification/databricks/resource-manager/Microsoft.Databricks/Databricks/preview/2024-09-01-preview/databricks.json:1394:9
warning | PreCheck/SchemaMissingType | The schema 'WorkspaceProviderAuthorization' with an undefined type and declared properties is a bit ambiguous. This has been auto-corrected to 'type:object'
    - file:///home/runner/work/bicep-types-az/bicep-types-az/workflow-temp/azure-rest-api-specs/specification/databricks/resource-manager/Microsoft.Databricks/Databricks/preview/2024-09-01-preview/databricks.json:1470:5
warning | PreCheck/SchemaMissingType | The schema 'WorkspaceListResult' with an undefined type and declared properties is a bit ambiguous. This has been auto-corrected to 'type:object'
    - file:///home/runner/work/bicep-types-az/bicep-types-az/workflow-temp/azure-rest-api-specs/specification/databricks/resource-manager/Microsoft.Databricks/Databricks/preview/2024-09-01-preview/databricks.json:1567:5
warning | PreCheck/SchemaMissingType | The schema 'Operation-display' with an undefined type and declared properties is a bit ambiguous. This has been auto-corrected to 'type:object'
    - file:///home/runner/work/bicep-types-az/bicep-types-az/workflow-temp/azure-rest-api-specs/specification/databricks/resource-manager/Microsoft.Databricks/Databricks/preview/2024-09-01-preview/databricks.json:1591:9
warning | PreCheck/SchemaMissingType | The schema 'OperationListResult' with an undefined type and declared properties is a bit ambiguous. This has been auto-corrected to 'type:object'
    - file:///home/runner/work/bicep-types-az/bicep-types-az/workflow-temp/azure-rest-api-specs/specification/databricks/resource-manager/Microsoft.Databricks/Databricks/preview/2024-09-01-preview/databricks.json:1614:5
warning | PreCheck/SchemaMissingType | The schema 'VirtualNetworkPeeringList' with an undefined type and declared properties is a bit ambiguous. This has been auto-corrected to 'type:object'
    - file:///home/runner/work/bicep-types-az/bicep-types-az/workflow-temp/azure-rest-api-specs/specification/databricks/resource-manager/Microsoft.Databricks/Databricks/preview/2024-09-01-preview/vnetpeering.json:303:5
warning | PreCheck/SchemaMissingType | The schema 'VirtualNetworkPeering' with an undefined type and declared properties is a bit ambiguous. This has been auto-corrected to 'type:object'
    - file:///home/runner/work/bicep-types-az/bicep-types-az/workflow-temp/azure-rest-api-specs/specification/databricks/resource-manager/Microsoft.Databricks/Databricks/preview/2024-09-01-preview/vnetpeering.json:319:5
warning | PreCheck/SchemaMissingType | The schema 'VirtualNetworkPeeringPropertiesFormat' with an undefined type and declared properties is a bit ambiguous. This has been auto-corrected to 'type:object'
    - file:///home/runner/work/bicep-types-az/bicep-types-az/workflow-temp/azure-rest-api-specs/specification/databricks/resource-manager/Microsoft.Databricks/Databricks/preview/2024-09-01-preview/vnetpeering.json:348:5
warning | PreCheck/SchemaMissingType | The schema 'VirtualNetworkPeeringPropertiesFormat-databricksVirtualNetwork' with an undefined type and declared properties is a bit ambiguous. This has been auto-corrected to 'type:object'
    - file:///home/runner/work/bicep-types-az/bicep-types-az/workflow-temp/azure-rest-api-specs/specification/databricks/resource-manager/Microsoft.Databricks/Databricks/preview/2024-09-01-preview/vnetpeering.json:366:9
warning | PreCheck/SchemaMissingType | The schema 'VirtualNetworkPeeringPropertiesFormat-remoteVirtualNetwork' with an undefined type and declared properties is a bit ambiguous. This has been auto-corrected to 'type:object'
    - file:///home/runner/work/bicep-types-az/bicep-types-az/workflow-temp/azure-rest-api-specs/specification/databricks/resource-manager/Microsoft.Databricks/Databricks/preview/2024-09-01-preview/vnetpeering.json:379:9
warning | PreCheck/SchemaMissingType | The schema 'AddressSpace' with an undefined type and declared properties is a bit ambiguous. This has been auto-corrected to 'type:object'
    - file:///home/runner/work/bicep-types-az/bicep-types-az/workflow-temp/azure-rest-api-specs/specification/databricks/resource-manager/Microsoft.Databricks/Databricks/preview/2024-09-01-preview/vnetpeering.json:432:5
warning | PreCheck/SchemaMissingType | The schema 'TrackedResource' with an undefined type and declared properties is a bit ambiguous. This has been auto-corrected to 'type:object'
warning | PreCheck/SchemaMissingType | The schema 'Resource' with an undefined type and declared properties is a bit ambiguous. This has been auto-corrected to 'type:object'
warning | PreCheck/CheckDuplicateSchemas | Checking for duplicate schemas, this could take a (long) while.  Run with --verbose for more detail.
warning | PreCheck/PropertyRedeclarationWarning | Schema 'GroupIdInformation' has a property 'id' that is already declared the parent schema 'Resource' but isn't significantly different. The property has been removed from GroupIdInformation
warning | PreCheck/PropertyRedeclarationWarning | Schema 'GroupIdInformation' has a property 'name' that is already declared the parent schema 'Resource' but isn't significantly different. The property has been removed from GroupIdInformation
warning | PreCheck/PropertyRedeclarationWarning | Schema 'GroupIdInformation' has a property 'type' that is already declared the parent schema 'Resource' but isn't significantly different. The property has been removed from GroupIdInformation
warning | Unrecognized property type: any-object. Returning 'any'.
warning | DeprecatedConfig | Using directive.0.suppress which is deprecated and will be removed in the future.
warning | DeprecatedConfig | Using directive.1.suppress which is deprecated and will be removed in the future.
warning | DeprecatedConfig | Using directive.2.suppress which is deprecated and will be removed in the future.
warning | SkippedSemanticValidation | Semantic validation was skipped.
warning | PreCheck/SchemaMissingType | The schema 'Workspace' with an undefined type and declared properties is a bit ambiguous. This has been auto-corrected to 'type:object'
    - file:///home/runner/work/bicep-types-az/bicep-types-az/workflow-temp/azure-rest-api-specs/specification/databricks/resource-manager/Microsoft.Databricks/Databricks/preview/2025-03-01-preview/databricks.json:686:5
warning | PreCheck/SchemaMissingType | The schema 'WorkspaceProperties' with an undefined type and declared properties is a bit ambiguous. This has been auto-corrected to 'type:object'
    - file:///home/runner/work/bicep-types-az/bicep-types-az/workflow-temp/azure-rest-api-specs/specification/databricks/resource-manager/Microsoft.Databricks/Databricks/preview/2025-03-01-preview/databricks.json:714:5
warning | PreCheck/SchemaMissingType | The schema 'TrackedResource' with an undefined type and declared properties is a bit ambiguous. This has been auto-corrected to 'type:object'
    - file:///home/runner/work/bicep-types-az/bicep-types-az/workflow-temp/azure-rest-api-specs/specification/databricks/resource-manager/Microsoft.Databricks/Databricks/preview/2025-03-01-preview/databricks.json:899:5
warning | PreCheck/SchemaMissingType | The schema 'Resource' with an undefined type and declared properties is a bit ambiguous. This has been auto-corrected to 'type:object'
    - file:///home/runner/work/bicep-types-az/bicep-types-az/workflow-temp/azure-rest-api-specs/specification/databricks/resource-manager/Microsoft.Databricks/Databricks/preview/2025-03-01-preview/databricks.json:932:5
warning | PreCheck/SchemaMissingType | The schema 'Sku' with an undefined type and declared properties is a bit ambiguous. This has been auto-corrected to 'type:object'
    - file:///home/runner/work/bicep-types-az/bicep-types-az/workflow-temp/azure-rest-api-specs/specification/databricks/resource-manager/Microsoft.Databricks/Databricks/preview/2025-03-01-preview/databricks.json:953:5
warning | PreCheck/SchemaMissingType | The schema 'ManagedIdentityConfiguration' with an undefined type and declared properties is a bit ambiguous. This has been auto-corrected to 'type:object'
    - file:///home/runner/work/bicep-types-az/bicep-types-az/workflow-temp/azure-rest-api-specs/specification/databricks/resource-manager/Microsoft.Databricks/Databricks/preview/2025-03-01-preview/databricks.json:1006:5
warning | PreCheck/SchemaMissingType | The schema 'WorkspaceCustomBooleanParameter' with an undefined type and declared properties is a bit ambiguous. This has been auto-corrected to 'type:object'
    - file:///home/runner/work/bicep-types-az/bicep-types-az/workflow-temp/azure-rest-api-specs/specification/databricks/resource-manager/Microsoft.Databricks/Databricks/preview/2025-03-01-preview/databricks.json:1157:5
warning | PreCheck/SchemaMissingType | The schema 'WorkspaceCustomObjectParameter' with an undefined type and declared properties is a bit ambiguous. This has been auto-corrected to 'type:object'
    - file:///home/runner/work/bicep-types-az/bicep-types-az/workflow-temp/azure-rest-api-specs/specification/databricks/resource-manager/Microsoft.Databricks/Databricks/preview/2025-03-01-preview/databricks.json:1173:5
warning | PreCheck/SchemaMissingType | The schema 'WorkspaceCustomStringParameter' with an undefined type and declared properties is a bit ambiguous. This has been auto-corrected to 'type:object'
    - file:///home/runner/work/bicep-types-az/bicep-types-az/workflow-temp/azure-rest-api-specs/specification/databricks/resource-manager/Microsoft.Databricks/Databricks/preview/2025-03-01-preview/databricks.json:1189:5
warning | PreCheck/SchemaMissingType | The schema 'WorkspaceCustomParameters' with an undefined type and declared properties is a bit ambiguous. This has been auto-corrected to 'type:object'
    - file:///home/runner/work/bicep-types-az/bicep-types-az/workflow-temp/azure-rest-api-specs/specification/databricks/resource-manager/Microsoft.Databricks/Databricks/preview/2025-03-01-preview/databricks.json:1205:5
warning | PreCheck/SchemaMissingType | The schema 'CreatedBy' with an undefined type and declared properties is a bit ambiguous. This has been auto-corrected to 'type:object'
    - file:///home/runner/work/bicep-types-az/bicep-types-az/workflow-temp/azure-rest-api-specs/specification/databricks/resource-manager/Microsoft.Databricks/Databricks/preview/2025-03-01-preview/databricks.json:1281:5
warning | PreCheck/SchemaMissingType | The schema 'WorkspaceEncryptionParameter' with an undefined type and declared properties is a bit ambiguous. This has been auto-corrected to 'type:object'
    - file:///home/runner/work/bicep-types-az/bicep-types-az/workflow-temp/azure-rest-api-specs/specification/databricks/resource-manager/Microsoft.Databricks/Databricks/preview/2025-03-01-preview/databricks.json:1303:5
warning | PreCheck/SchemaMissingType | The schema 'Encryption' with an undefined type and declared properties is a bit ambiguous. This has been auto-corrected to 'type:object'
    - file:///home/runner/work/bicep-types-az/bicep-types-az/workflow-temp/azure-rest-api-specs/specification/databricks/resource-manager/Microsoft.Databricks/Databricks/preview/2025-03-01-preview/databricks.json:1316:5
warning | PreCheck/SchemaMissingType | The schema 'EncryptionEntitiesDefinition' with an undefined type and declared properties is a bit ambiguous. This has been auto-corrected to 'type:object'
    - file:///home/runner/work/bicep-types-az/bicep-types-az/workflow-temp/azure-rest-api-specs/specification/databricks/resource-manager/Microsoft.Databricks/Databricks/preview/2025-03-01-preview/databricks.json:1371:5
warning | PreCheck/SchemaMissingType | The schema 'EncryptionV2' with an undefined type and declared properties is a bit ambiguous. This has been auto-corrected to 'type:object'
    - file:///home/runner/work/bicep-types-az/bicep-types-az/workflow-temp/azure-rest-api-specs/specification/databricks/resource-manager/Microsoft.Databricks/Databricks/preview/2025-03-01-preview/databricks.json:1386:5
warning | PreCheck/SchemaMissingType | The schema 'EncryptionV2-keyVaultProperties' with an undefined type and declared properties is a bit ambiguous. This has been auto-corrected to 'type:object'
    - file:///home/runner/work/bicep-types-az/bicep-types-az/workflow-temp/azure-rest-api-specs/specification/databricks/resource-manager/Microsoft.Databricks/Databricks/preview/2025-03-01-preview/databricks.json:1399:9
warning | PreCheck/SchemaMissingType | The schema 'WorkspaceProviderAuthorization' with an undefined type and declared properties is a bit ambiguous. This has been auto-corrected to 'type:object'
    - file:///home/runner/work/bicep-types-az/bicep-types-az/workflow-temp/azure-rest-api-specs/specification/databricks/resource-manager/Microsoft.Databricks/Databricks/preview/2025-03-01-preview/databricks.json:1475:5
warning | PreCheck/SchemaMissingType | The schema 'WorkspaceListResult' with an undefined type and declared properties is a bit ambiguous. This has been auto-corrected to 'type:object'
    - file:///home/runner/work/bicep-types-az/bicep-types-az/workflow-temp/azure-rest-api-specs/specification/databricks/resource-manager/Microsoft.Databricks/Databricks/preview/2025-03-01-preview/databricks.json:1572:5
warning | PreCheck/SchemaMissingType | The schema 'Operation-display' with an undefined type and declared properties is a bit ambiguous. This has been auto-corrected to 'type:object'
    - file:///home/runner/work/bicep-types-az/bicep-types-az/workflow-temp/azure-rest-api-specs/specification/databricks/resource-manager/Microsoft.Databricks/Databricks/preview/2025-03-01-preview/databricks.json:1596:9
warning | PreCheck/SchemaMissingType | The schema 'OperationListResult' with an undefined type and declared properties is a bit ambiguous. This has been auto-corrected to 'type:object'
    - file:///home/runner/work/bicep-types-az/bicep-types-az/workflow-temp/azure-rest-api-specs/specification/databricks/resource-manager/Microsoft.Databricks/Databricks/preview/2025-03-01-preview/databricks.json:1619:5
warning | PreCheck/SchemaMissingType | The schema 'VirtualNetworkPeeringList' with an undefined type and declared properties is a bit ambiguous. This has been auto-corrected to 'type:object'
    - file:///home/runner/work/bicep-types-az/bicep-types-az/workflow-temp/azure-rest-api-specs/specification/databricks/resource-manager/Microsoft.Databricks/Databricks/preview/2025-03-01-preview/vnetpeering.json:303:5
warning | PreCheck/SchemaMissingType | The schema 'VirtualNetworkPeering' with an undefined type and declared properties is a bit ambiguous. This has been auto-corrected to 'type:object'
    - file:///home/runner/work/bicep-types-az/bicep-types-az/workflow-temp/azure-rest-api-specs/specification/databricks/resource-manager/Microsoft.Databricks/Databricks/preview/2025-03-01-preview/vnetpeering.json:319:5
warning | PreCheck/SchemaMissingType | The schema 'VirtualNetworkPeeringPropertiesFormat' with an undefined type and declared properties is a bit ambiguous. This has been auto-corrected to 'type:object'
    - file:///home/runner/work/bicep-types-az/bicep-types-az/workflow-temp/azure-rest-api-specs/specification/databricks/resource-manager/Microsoft.Databricks/Databricks/preview/2025-03-01-preview/vnetpeering.json:348:5
warning | PreCheck/SchemaMissingType | The schema 'VirtualNetworkPeeringPropertiesFormat-databricksVirtualNetwork' with an undefined type and declared properties is a bit ambiguous. This has been auto-corrected to 'type:object'
    - file:///home/runner/work/bicep-types-az/bicep-types-az/workflow-temp/azure-rest-api-specs/specification/databricks/resource-manager/Microsoft.Databricks/Databricks/preview/2025-03-01-preview/vnetpeering.json:366:9
warning | PreCheck/SchemaMissingType | The schema 'VirtualNetworkPeeringPropertiesFormat-remoteVirtualNetwork' with an undefined type and declared properties is a bit ambiguous. This has been auto-corrected to 'type:object'
    - file:///home/runner/work/bicep-types-az/bicep-types-az/workflow-temp/azure-rest-api-specs/specification/databricks/resource-manager/Microsoft.Databricks/Databricks/preview/2025-03-01-preview/vnetpeering.json:379:9
warning | PreCheck/SchemaMissingType | The schema 'AddressSpace' with an undefined type and declared properties is a bit ambiguous. This has been auto-corrected to 'type:object'
    - file:///home/runner/work/bicep-types-az/bicep-types-az/workflow-temp/azure-rest-api-specs/specification/databricks/resource-manager/Microsoft.Databricks/Databricks/preview/2025-03-01-preview/vnetpeering.json:432:5
warning | PreCheck/SchemaMissingType | The schema 'TrackedResource' with an undefined type and declared properties is a bit ambiguous. This has been auto-corrected to 'type:object'
warning | PreCheck/SchemaMissingType | The schema 'Resource' with an undefined type and declared properties is a bit ambiguous. This has been auto-corrected to 'type:object'
warning | PreCheck/CheckDuplicateSchemas | Checking for duplicate schemas, this could take a (long) while.  Run with --verbose for more detail.
warning | PreCheck/PropertyRedeclarationWarning | Schema 'GroupIdInformation' has a property 'id' that is already declared the parent schema 'Resource' but isn't significantly different. The property has been removed from GroupIdInformation
warning | PreCheck/PropertyRedeclarationWarning | Schema 'GroupIdInformation' has a property 'name' that is already declared the parent schema 'Resource' but isn't significantly different. The property has been removed from GroupIdInformation
warning | PreCheck/PropertyRedeclarationWarning | Schema 'GroupIdInformation' has a property 'type' that is already declared the parent schema 'Resource' but isn't significantly different. The property has been removed from GroupIdInformation
warning | Unrecognized property type: any-object. Returning 'any'.
warning | DeprecatedConfig | Using directive.0.suppress which is deprecated and will be removed in the future.
warning | DeprecatedConfig | Using directive.1.suppress which is deprecated and will be removed in the future.
warning | DeprecatedConfig | Using directive.2.suppress which is deprecated and will be removed in the future.
warning | SkippedSemanticValidation | Semantic validation was skipped.
warning | PreCheck/SchemaMissingType | The schema 'Workspace' with an undefined type and declared properties is a bit ambiguous. This has been auto-corrected to 'type:object'
    - file:///home/runner/work/bicep-types-az/bicep-types-az/workflow-temp/azure-rest-api-specs/specification/databricks/resource-manager/Microsoft.Databricks/Databricks/preview/2025-08-01-preview/databricks.json:686:5
warning | PreCheck/SchemaMissingType | The schema 'WorkspaceProperties' with an undefined type and declared properties is a bit ambiguous. This has been auto-corrected to 'type:object'
    - file:///home/runner/work/bicep-types-az/bicep-types-az/workflow-temp/azure-rest-api-specs/specification/databricks/resource-manager/Microsoft.Databricks/Databricks/preview/2025-08-01-preview/databricks.json:714:5
warning | PreCheck/SchemaMissingType | The schema 'TrackedResource' with an undefined type and declared properties is a bit ambiguous. This has been auto-corrected to 'type:object'
    - file:///home/runner/work/bicep-types-az/bicep-types-az/workflow-temp/azure-rest-api-specs/specification/databricks/resource-manager/Microsoft.Databricks/Databricks/preview/2025-08-01-preview/databricks.json:899:5
warning | PreCheck/SchemaMissingType | The schema 'Resource' with an undefined type and declared properties is a bit ambiguous. This has been auto-corrected to 'type:object'
    - file:///home/runner/work/bicep-types-az/bicep-types-az/workflow-temp/azure-rest-api-specs/specification/databricks/resource-manager/Microsoft.Databricks/Databricks/preview/2025-08-01-preview/databricks.json:932:5
warning | PreCheck/SchemaMissingType | The schema 'Sku' with an undefined type and declared properties is a bit ambiguous. This has been auto-corrected to 'type:object'
    - file:///home/runner/work/bicep-types-az/bicep-types-az/workflow-temp/azure-rest-api-specs/specification/databricks/resource-manager/Microsoft.Databricks/Databricks/preview/2025-08-01-preview/databricks.json:953:5
warning | PreCheck/SchemaMissingType | The schema 'ManagedIdentityConfiguration' with an undefined type and declared properties is a bit ambiguous. This has been auto-corrected to 'type:object'
    - file:///home/runner/work/bicep-types-az/bicep-types-az/workflow-temp/azure-rest-api-specs/specification/databricks/resource-manager/Microsoft.Databricks/Databricks/preview/2025-08-01-preview/databricks.json:1006:5
warning | PreCheck/SchemaMissingType | The schema 'WorkspaceCustomBooleanParameter' with an undefined type and declared properties is a bit ambiguous. This has been auto-corrected to 'type:object'
    - file:///home/runner/work/bicep-types-az/bicep-types-az/workflow-temp/azure-rest-api-specs/specification/databricks/resource-manager/Microsoft.Databricks/Databricks/preview/2025-08-01-preview/databricks.json:1157:5
warning | PreCheck/SchemaMissingType | The schema 'WorkspaceCustomObjectParameter' with an undefined type and declared properties is a bit ambiguous. This has been auto-corrected to 'type:object'
    - file:///home/runner/work/bicep-types-az/bicep-types-az/workflow-temp/azure-rest-api-specs/specification/databricks/resource-manager/Microsoft.Databricks/Databricks/preview/2025-08-01-preview/databricks.json:1173:5
warning | PreCheck/SchemaMissingType | The schema 'WorkspaceCustomStringParameter' with an undefined type and declared properties is a bit ambiguous. This has been auto-corrected to 'type:object'
    - file:///home/runner/work/bicep-types-az/bicep-types-az/workflow-temp/azure-rest-api-specs/specification/databricks/resource-manager/Microsoft.Databricks/Databricks/preview/2025-08-01-preview/databricks.json:1189:5
warning | PreCheck/SchemaMissingType | The schema 'WorkspaceCustomParameters' with an undefined type and declared properties is a bit ambiguous. This has been auto-corrected to 'type:object'
    - file:///home/runner/work/bicep-types-az/bicep-types-az/workflow-temp/azure-rest-api-specs/specification/databricks/resource-manager/Microsoft.Databricks/Databricks/preview/2025-08-01-preview/databricks.json:1205:5
warning | PreCheck/SchemaMissingType | The schema 'CreatedBy' with an undefined type and declared properties is a bit ambiguous. This has been auto-corrected to 'type:object'
    - file:///home/runner/work/bicep-types-az/bicep-types-az/workflow-temp/azure-rest-api-specs/specification/databricks/resource-manager/Microsoft.Databricks/Databricks/preview/2025-08-01-preview/databricks.json:1274:5
warning | PreCheck/SchemaMissingType | The schema 'WorkspaceEncryptionParameter' with an undefined type and declared properties is a bit ambiguous. This has been auto-corrected to 'type:object'
    - file:///home/runner/work/bicep-types-az/bicep-types-az/workflow-temp/azure-rest-api-specs/specification/databricks/resource-manager/Microsoft.Databricks/Databricks/preview/2025-08-01-preview/databricks.json:1296:5
warning | PreCheck/SchemaMissingType | The schema 'Encryption' with an undefined type and declared properties is a bit ambiguous. This has been auto-corrected to 'type:object'
    - file:///home/runner/work/bicep-types-az/bicep-types-az/workflow-temp/azure-rest-api-specs/specification/databricks/resource-manager/Microsoft.Databricks/Databricks/preview/2025-08-01-preview/databricks.json:1309:5
warning | PreCheck/SchemaMissingType | The schema 'EncryptionEntitiesDefinition' with an undefined type and declared properties is a bit ambiguous. This has been auto-corrected to 'type:object'
    - file:///home/runner/work/bicep-types-az/bicep-types-az/workflow-temp/azure-rest-api-specs/specification/databricks/resource-manager/Microsoft.Databricks/Databricks/preview/2025-08-01-preview/databricks.json:1374:5
warning | PreCheck/SchemaMissingType | The schema 'EncryptionV2' with an undefined type and declared properties is a bit ambiguous. This has been auto-corrected to 'type:object'
    - file:///home/runner/work/bicep-types-az/bicep-types-az/workflow-temp/azure-rest-api-specs/specification/databricks/resource-manager/Microsoft.Databricks/Databricks/preview/2025-08-01-preview/databricks.json:1389:5
warning | PreCheck/SchemaMissingType | The schema 'EncryptionV2-keyVaultProperties' with an undefined type and declared properties is a bit ambiguous. This has been auto-corrected to 'type:object'
    - file:///home/runner/work/bicep-types-az/bicep-types-az/workflow-temp/azure-rest-api-specs/specification/databricks/resource-manager/Microsoft.Databricks/Databricks/preview/2025-08-01-preview/databricks.json:1402:9
warning | PreCheck/SchemaMissingType | The schema 'WorkspaceProviderAuthorization' with an undefined type and declared properties is a bit ambiguous. This has been auto-corrected to 'type:object'
    - file:///home/runner/work/bicep-types-az/bicep-types-az/workflow-temp/azure-rest-api-specs/specification/databricks/resource-manager/Microsoft.Databricks/Databricks/preview/2025-08-01-preview/databricks.json:1479:5
warning | PreCheck/SchemaMissingType | The schema 'WorkspaceListResult' with an undefined type and declared properties is a bit ambiguous. This has been auto-corrected to 'type:object'
    - file:///home/runner/work/bicep-types-az/bicep-types-az/workflow-temp/azure-rest-api-specs/specification/databricks/resource-manager/Microsoft.Databricks/Databricks/preview/2025-08-01-preview/databricks.json:1576:5
warning | PreCheck/SchemaMissingType | The schema 'Operation-display' with an undefined type and declared properties is a bit ambiguous. This has been auto-corrected to 'type:object'
    - file:///home/runner/work/bicep-types-az/bicep-types-az/workflow-temp/azure-rest-api-specs/specification/databricks/resource-manager/Microsoft.Databricks/Databricks/preview/2025-08-01-preview/databricks.json:1600:9
warning | PreCheck/SchemaMissingType | The schema 'OperationListResult' with an undefined type and declared properties is a bit ambiguous. This has been auto-corrected to 'type:object'
    - file:///home/runner/work/bicep-types-az/bicep-types-az/workflow-temp/azure-rest-api-specs/specification/databricks/resource-manager/Microsoft.Databricks/Databricks/preview/2025-08-01-preview/databricks.json:1623:5
warning | PreCheck/SchemaMissingType | The schema 'VirtualNetworkPeeringList' with an undefined type and declared properties is a bit ambiguous. This has been auto-corrected to 'type:object'
    - file:///home/runner/work/bicep-types-az/bicep-types-az/workflow-temp/azure-rest-api-specs/specification/databricks/resource-manager/Microsoft.Databricks/Databricks/preview/2025-08-01-preview/vnetpeering.json:303:5
warning | PreCheck/SchemaMissingType | The schema 'VirtualNetworkPeering' with an undefined type and declared properties is a bit ambiguous. This has been auto-corrected to 'type:object'
    - file:///home/runner/work/bicep-types-az/bicep-types-az/workflow-temp/azure-rest-api-specs/specification/databricks/resource-manager/Microsoft.Databricks/Databricks/preview/2025-08-01-preview/vnetpeering.json:319:5
warning | PreCheck/SchemaMissingType | The schema 'VirtualNetworkPeeringPropertiesFormat' with an undefined type and declared properties is a bit ambiguous. This has been auto-corrected to 'type:object'
    - file:///home/runner/work/bicep-types-az/bicep-types-az/workflow-temp/azure-rest-api-specs/specification/databricks/resource-manager/Microsoft.Databricks/Databricks/preview/2025-08-01-preview/vnetpeering.json:348:5
warning | PreCheck/SchemaMissingType | The schema 'VirtualNetworkPeeringPropertiesFormat-databricksVirtualNetwork' with an undefined type and declared properties is a bit ambiguous. This has been auto-corrected to 'type:object'
    - file:///home/runner/work/bicep-types-az/bicep-types-az/workflow-temp/azure-rest-api-specs/specification/databricks/resource-manager/Microsoft.Databricks/Databricks/preview/2025-08-01-preview/vnetpeering.json:366:9
warning | PreCheck/SchemaMissingType | The schema 'VirtualNetworkPeeringPropertiesFormat-remoteVirtualNetwork' with an undefined type and declared properties is a bit ambiguous. This has been auto-corrected to 'type:object'
    - file:///home/runner/work/bicep-types-az/bicep-types-az/workflow-temp/azure-rest-api-specs/specification/databricks/resource-manager/Microsoft.Databricks/Databricks/preview/2025-08-01-preview/vnetpeering.json:379:9
warning | PreCheck/SchemaMissingType | The schema 'AddressSpace' with an undefined type and declared properties is a bit ambiguous. This has been auto-corrected to 'type:object'
    - file:///home/runner/work/bicep-types-az/bicep-types-az/workflow-temp/azure-rest-api-specs/specification/databricks/resource-manager/Microsoft.Databricks/Databricks/preview/2025-08-01-preview/vnetpeering.json:432:5
warning | PreCheck/SchemaMissingType | The schema 'TrackedResource' with an undefined type and declared properties is a bit ambiguous. This has been auto-corrected to 'type:object'
warning | PreCheck/SchemaMissingType | The schema 'Resource' with an undefined type and declared properties is a bit ambiguous. This has been auto-corrected to 'type:object'
warning | PreCheck/CheckDuplicateSchemas | Checking for duplicate schemas, this could take a (long) while.  Run with --verbose for more detail.
warning | PreCheck/PropertyRedeclarationWarning | Schema 'GroupIdInformation' has a property 'id' that is already declared the parent schema 'Resource' but isn't significantly different. The property has been removed from GroupIdInformation
warning | PreCheck/PropertyRedeclarationWarning | Schema 'GroupIdInformation' has a property 'name' that is already declared the parent schema 'Resource' but isn't significantly different. The property has been removed from GroupIdInformation
warning | PreCheck/PropertyRedeclarationWarning | Schema 'GroupIdInformation' has a property 'type' that is already declared the parent schema 'Resource' but isn't significantly different. The property has been removed from GroupIdInformation
warning | Unrecognized property type: any-object. Returning 'any'.
warning | DeprecatedConfig | Using directive.0.suppress which is deprecated and will be removed in the future.
warning | DeprecatedConfig | Using directive.1.suppress which is deprecated and will be removed in the future.
warning | DeprecatedConfig | Using directive.2.suppress which is deprecated and will be removed in the future.
warning | SkippedSemanticValidation | Semantic validation was skipped.
warning | PreCheck/SchemaMissingType | The schema 'OperationListResult' with an undefined type and declared properties is a bit ambiguous. This has been auto-corrected to 'type:object'
    - file:///home/runner/work/bicep-types-az/bicep-types-az/workflow-temp/azure-rest-api-specs/specification/databricks/resource-manager/Microsoft.Databricks/Databricks/preview/2025-10-01-preview/databricks.json:1637:5
warning | PreCheck/SchemaMissingType | The schema 'VirtualNetworkPeeringList' with an undefined type and declared properties is a bit ambiguous. This has been auto-corrected to 'type:object'
    - file:///home/runner/work/bicep-types-az/bicep-types-az/workflow-temp/azure-rest-api-specs/specification/databricks/resource-manager/Microsoft.Databricks/Databricks/preview/2025-10-01-preview/vnetpeering.json:303:5
warning | PreCheck/SchemaMissingType | The schema 'VirtualNetworkPeering' with an undefined type and declared properties is a bit ambiguous. This has been auto-corrected to 'type:object'
    - file:///home/runner/work/bicep-types-az/bicep-types-az/workflow-temp/azure-rest-api-specs/specification/databricks/resource-manager/Microsoft.Databricks/Databricks/preview/2025-10-01-preview/vnetpeering.json:319:5
warning | PreCheck/SchemaMissingType | The schema 'VirtualNetworkPeeringPropertiesFormat' with an undefined type and declared properties is a bit ambiguous. This has been auto-corrected to 'type:object'
    - file:///home/runner/work/bicep-types-az/bicep-types-az/workflow-temp/azure-rest-api-specs/specification/databricks/resource-manager/Microsoft.Databricks/Databricks/preview/2025-10-01-preview/vnetpeering.json:348:5
warning | PreCheck/SchemaMissingType | The schema 'VirtualNetworkPeeringPropertiesFormat-databricksVirtualNetwork' with an undefined type and declared properties is a bit ambiguous. This has been auto-corrected to 'type:object'
    - file:///home/runner/work/bicep-types-az/bicep-types-az/workflow-temp/azure-rest-api-specs/specification/databricks/resource-manager/Microsoft.Databricks/Databricks/preview/2025-10-01-preview/vnetpeering.json:366:9
warning | PreCheck/SchemaMissingType | The schema 'VirtualNetworkPeeringPropertiesFormat-remoteVirtualNetwork' with an undefined type and declared properties is a bit ambiguous. This has been auto-corrected to 'type:object'
    - file:///home/runner/work/bicep-types-az/bicep-types-az/workflow-temp/azure-rest-api-specs/specification/databricks/resource-manager/Microsoft.Databricks/Databricks/preview/2025-10-01-preview/vnetpeering.json:379:9
warning | PreCheck/SchemaMissingType | The schema 'AddressSpace' with an undefined type and declared properties is a bit ambiguous. This has been auto-corrected to 'type:object'
    - file:///home/runner/work/bicep-types-az/bicep-types-az/workflow-temp/azure-rest-api-specs/specification/databricks/resource-manager/Microsoft.Databricks/Databricks/preview/2025-10-01-preview/vnetpeering.json:432:5
warning | PreCheck/SchemaMissingType | The schema 'TrackedResource' with an undefined type and declared properties is a bit ambiguous. This has been auto-corrected to 'type:object'
warning | PreCheck/SchemaMissingType | The schema 'Resource' with an undefined type and declared properties is a bit ambiguous. This has been auto-corrected to 'type:object'
warning | PreCheck/CheckDuplicateSchemas | Checking for duplicate schemas, this could take a (long) while.  Run with --verbose for more detail.
warning | PreCheck/PropertyRedeclarationWarning | Schema 'GroupIdInformation' has a property 'id' that is already declared the parent schema 'Resource' but isn't significantly different. The property has been removed from GroupIdInformation
warning | PreCheck/PropertyRedeclarationWarning | Schema 'GroupIdInformation' has a property 'name' that is already declared the parent schema 'Resource' but isn't significantly different. The property has been removed from GroupIdInformation
warning | PreCheck/PropertyRedeclarationWarning | Schema 'GroupIdInformation' has a property 'type' that is already declared the parent schema 'Resource' but isn't significantly different. The property has been removed from GroupIdInformation
warning | Unrecognized property type: any-object. Returning 'any'.
warning | DeprecatedConfig | Using directive.0.suppress which is deprecated and will be removed in the future.
warning | DeprecatedConfig | Using directive.1.suppress which is deprecated and will be removed in the future.
warning | DeprecatedConfig | Using directive.2.suppress which is deprecated and will be removed in the future.
warning | SkippedSemanticValidation | Semantic validation was skipped.
warning | PreCheck/CheckDuplicateSchemas | Checking for duplicate schemas, this could take a (long) while.  Run with --verbose for more detail.
warning | PreCheck/DuplicateSchema | Duplicate Schema named 'Resource' (6 differences):
  - properties.id.$ref: "#/components/schemas/schemas:107" => "#/components/schemas/schemas:257"
  - properties.id.description: "Fully qualified resource Id for the resource. Ex - /subscriptions/{subscriptionId}/resourceGroups/{resourceGroupName}/providers/{resourceProviderNamespace}/{resourceType}/{resourceName}" => "Fully qualified resource ID for the resource. E.g. \"/subscriptions/{subscriptionId}/resourceGroups/{resourceGroupName}/providers/{resourceProviderNamespace}/{resourceType}/{resourceName}\""
  - properties.type.description: "The type of the resource. Ex- Microsoft.Compute/virtualMachines or Microsoft.Storage/storageAccounts." => "The type of the resource. E.g. \"Microsoft.Compute/virtualMachines\" or \"Microsoft.Storage/storageAccounts\""
  - properties.systemData: <none> => {"$ref":"#/components/schemas/schemas:284","description":"Azure Resource Manager metadata containing createdBy and modifiedBy information.","readOnly":true}
  - title: <none> => "Resource"
  - x-ms-azure-resource: <none> => true
warning | PreCheck/DuplicateSchema | Duplicate Schema named 'TrackedResource' (5 differences):
  - properties.tags.x-ms-mutability.1: "update" => "create"
  - properties.tags.x-ms-mutability.2: "create" => "update"
  - properties.tags.$ref: "#/components/schemas/schemas:114" => "#/components/schemas/schemas:274"
  - allOf.0.$ref: "#/components/schemas/schemas:106" => "#/components/schemas/schemas:256"
  - title: <none> => "Tracked Resource"
warning | Modeler/MissingType | The schema 'WorkspaceCustomObjectParameter-value' has no type or format information whatsoever. Location:
   file:///home/runner/work/bicep-types-az/bicep-types-az/workflow-temp/azure-rest-api-specs/specification/databricks/resource-manager/Microsoft.Databricks/Databricks/stable/2026-01-01/openapi.json#/components/schemas/WorkspaceCustomObjectParameter-value
warning | PreNamer/DeduplicateName | Deduplicating schema name: 'TrackedResource' -> 'TrackedResourceAutoGenerated'
warning | PreNamer/DeduplicateName | Deduplicating schema name: 'Resource' -> 'ResourceAutoGenerated'
